Mobilität,Fahrkultur
Mobilität,Fahrkultur,60 deutsche Autos,BMW-Modelle
Mobilität,Fahrkultur,60 deutsche Autos
Mobilität,Fahrkultur,Oldtimer-Schnäppchen,Opel-Modelle,Autoklassiker,Oldtimer
Mobilität,Fahrkultur,Oldtimer-Schnäppchen,Opel-Modelle,Autoklassiker,Oldtimer
Mobilität,Fahrkultur,Oldtimer-Schnäppchen,Porsche-Modelle,Porsche,Ferdinand Piëch,Wolfgang Porsche,Ferdinand Porsche,Ferdinand Alexander Porsche
Mobilität,Fahrkultur,Oldtimer-Schnäppchen
Mobilität,Fahrkultur,Oldtimer-Schnäppchen,VW Bus
Mobilität,Fahrkultur,Oldtimer-Schnäppchen,Autoklassiker,Oldtimer
Mobilität,Fahrkultur,Oldtimer-Schnäppchen,Autoklassiker,Oldtimer
Mobilität,Fahrkultur,Oldtimer-Schnäppchen,Autoklassiker,Oldtimer,Lancia
Mobilität,Fahrkultur,Oldtimer,Oldtimer-Schnäppchen
Mobilität,Fahrkultur,Schönes Ding - die skurrilsten Auto-Designstudien,Autodesign,Ferry Porsche,Porsche-Modelle
Mobilität,Fahrkultur,Oldtimer,Oldtimer-Schnäppchen
Mobilität,Fahrkultur,Schönes Ding - die skurrilsten Auto-Designstudien,Autodesign,BMW-Modelle
Mobilität,Fahrkultur,Mercedes-Benz-Modelle,Ford,BMW,Oldtimer,Oldtimer-Schnäppchen
Mobilität,Fahrkultur,Schönes Ding - die skurrilsten Auto-Designstudien,Autodesign,Cabrio/Roadster,BMW-Modelle
Mobilität,Fahrkultur,Oldtimer-Schnäppchen,Mercedes-Benz-Modelle,Ford,BMW,Oldtimer
Mobilität,Fahrkultur,Schönes Ding - die skurrilsten Auto-Designstudien,Peugeot-Modelle,Autodesign
Mobilität,Fahrkultur,Schönes Ding - die skurrilsten Auto-Designstudien,Autodesign,Mercedes-Benz-Modelle,Mercedes A-Klasse,Smart
Mobilität,Fahrkultur,Schönes Ding - die skurrilsten Auto-Designstudien,Autodesign,Chrysler-Modelle
Mobilität,Fahrkultur,Oldtimer-Schnäppchen,Oldtimer,VW Golf
Mobilität,Fahrkultur,Oldtimer-Schnäppchen,Oldtimer,Subaru
Mobilität,Fahrkultur,Oldtimer-Schnäppchen,Oldtimer,Subaru
Mobilität,Fahrkultur,MG Rover Group,BMW-Modelle,Autodesign,Mini-Modelle
Mobilität,Fahrkultur,Schönes Ding - die skurrilsten Auto-Designstudien,Volkswagen,Autodesign,Sportwagen,Abgasaffäre bei Volkswagen
Mobilität,Fahrkultur,Oldtimer-Schnäppchen,Oldtimer,Subaru
Mobilität,Fahrkultur,Oldtimer-Schnäppchen,Oldtimer,Autoklassiker,Honda-Modelle
Mobilität,Fahrkultur,Schönes Ding - die skurrilsten Auto-Designstudien,Nutzfahrzeuge
Mobilität,Tests,Oldtimer-Schnäppchen,Oldtimer,Mitsubishi,Chrysler
Mobilität,Fahrkultur,Autodesign,General Motors,Autoklassiker
Mobilität,Fahrkultur,Autodesign,Dodge-Modelle
Mobilität,Fahrkultur,Schönes Ding - die skurrilsten Auto-Designstudien,Autodesign,Borgward
Mobilität,Fahrkultur,Autodesign,Renault-Modelle
Mobilität,Fahrkultur,Schönes Ding - die skurrilsten Auto-Designstudien,Autodesign
Mobilität,Fahrkultur,Oldtimer-Schnäppchen,Oldtimer,Jaguar-Modelle
Mobilität,Fahrkultur,Oldtimer-Schnäppchen,Oldtimer,Alfa Romeo
Mobilität,Fahrkultur,Schönes Ding - die skurrilsten Auto-Designstudien,Autodesign,Dänemark
Mobilität,Fahrkultur,Oldtimer-Schnäppchen,Oldtimer,Subaru
Mobilität,Fahrkultur,Schönes Ding - die skurrilsten Auto-Designstudien,Autodesign,Chrysler-Modelle
Mobilität,Fahrkultur,Schönes Ding - die skurrilsten Auto-Designstudien,Autodesign,Ford-Modelle
Mobilität,Fahrkultur,Schönes Ding - die skurrilsten Auto-Designstudien,Autodesign,Volvo-Modelle
Mobilität,Fahrkultur,Schönes Ding - die skurrilsten Auto-Designstudien,Autodesign,Oldtimer,Autoklassiker,Audi-Modelle,Mercedes-Benz-Modelle
Mobilität,Fahrkultur,Audi,Oldtimer-Schnäppchen,Oldtimer
Mobilität,Fahrkultur,Schönes Ding - die skurrilsten Auto-Designstudien,Autodesign,Mercedes-Benz-Modelle
Mobilität,Fahrkultur,Oldtimer-Schnäppchen,Autoklassiker,Oldtimer,VW-Modelle,Volkswagen
Mobilität,Fahrkultur,Schönes Ding - die skurrilsten Auto-Designstudien,Autodesign,Kleinstwagen
Mobilität,Fahrkultur,Oldtimer-Schnäppchen,Autoklassiker,Oldtimer
Mobilität,Fahrkultur,Autodesign
Mobilität,Fahrkultur,Oldtimer-Schnäppchen,Oldtimer,Autoklassiker
Mobilität,Fahrkultur,Oldtimer-Schnäppchen,Oldtimer,Autoklassiker,James Bond,Audi-Modelle,Audi
Mobilität,Fahrkultur,Schönes Ding - die skurrilsten Auto-Designstudien,Autodesign,Opel-Modelle
Mobilität,Fahrkultur,Schönes Ding - die skurrilsten Auto-Designstudien,VW-Modelle,Autodesign
Mobilität,Fahrkultur,Schönes Ding - die skurrilsten Auto-Designstudien,Ferrari-Modelle,Autodesign
Mobilität,Fahrkultur,Oldtimer-Schnäppchen,Oldtimer,Autoklassiker,Mercedes C-Klasse,Mercedes-Benz-Modelle
Mobilität,Fahrkultur,Schönes Ding - die skurrilsten Auto-Designstudien,Autodesign,Jaguar,Jaguar-Modelle
Mobilität,Fahrkultur,Schönes Ding - die skurrilsten Auto-Designstudien,Autodesign
Mobilität,Fahrkultur,Schönes Ding - die skurrilsten Auto-Designstudien,Autodesign,Tokio Motor Show
Mobilität,Fahrkultur,Citroën-Modelle,Oldtimer-Schnäppchen
Mobilität,Fahrkultur,Schönes Ding - die skurrilsten Auto-Designstudien,Autodesign
Mobilität,Fahrkultur,Schönes Ding - die skurrilsten Auto-Designstudien,Autodesign,24-Stunden-Rennen von Le Mans
Mobilität,Fahrkultur,Oldtimer-Schnäppchen
Mobilität,Fahrkultur,Schönes Ding - die skurrilsten Auto-Designstudien,Alfa Romeo
Mobilität,Tests,Oldtimer-Schnäppchen,Opel,Opel-Modelle
Mobilität,Tests,Oldtimer-Schnäppchen
Mobilität,Fahrkultur,Oldtimer-Schnäppchen,Ford-Modelle
Mobilität,Fahrkultur,Schönes Ding - die skurrilsten Auto-Designstudien,Autodesign,Mazda-Modelle
Mobilität,Fahrkultur,Schönes Ding - die skurrilsten Auto-Designstudien,Autodesign,Honda-Modelle
Mobilität,Fahrkultur,Schönes Ding - die skurrilsten Auto-Designstudien,Autodesign
Mobilität,Fahrkultur,Schönes Ding - die skurrilsten Auto-Designstudien,Autodesign,Maserati
Mobilität,Fahrkultur,Schönes Ding - die skurrilsten Auto-Designstudien,Citroën-Modelle,Autodesign
Mobilität,Fahrkultur,Oldtimer-Schnäppchen,Opel-Modelle,Oldtimer
Mobilität,Fahrkultur,Schönes Ding - die skurrilsten Auto-Designstudien,BMW-Modelle,Elektroautos,Autodesign
Mobilität,Fahrkultur,Oldtimer-Schnäppchen,Ford-Modelle,Oldtimer
Mobilität,Fahrkultur,Schönes Ding - die skurrilsten Auto-Designstudien,Suzuki-Modelle,Autodesign
Mobilität,Fahrkultur,Schönes Ding - die skurrilsten Auto-Designstudien,Autodesign
Mobilität,Fahrkultur,Oldtimer-Schnäppchen,Oldtimer,Citroën-Modelle
Mobilität,Fahrkultur,Oldtimer-Schnäppchen,Oldtimer,Renault-Modelle,Renault
Mobilität,Fahrkultur,Oldtimer-Schnäppchen,Oldtimer,Ford-Modelle
Mobilität,Fahrkultur,Oldtimer-Schnäppchen,Oldtimer,Alfa Romeo
Mobilität,Fahrkultur,Oldtimer-Schnäppchen,Oldtimer,VW-Modelle,Volkswagen
Mobilität,Fahrkultur,Oldtimer-Schnäppchen,Oldtimer,Saab-Modelle,Saab
Mobilität,Fahrkultur,Oldtimer-Schnäppchen,Oldtimer
Mobilität,Fahrkultur,Autodesign,Schönes Ding - die skurrilsten Auto-Designstudien
Mobilität,Fahrkultur,Autodesign,Schönes Ding - die skurrilsten Auto-Designstudien
Mobilität,Fahrkultur,Oldtimer-Schnäppchen,Oldtimer,Autoklassiker,Alfa Romeo
Mobilität,Fahrkultur,Autos unterm Hammer,Autodesign,Alfa Romeo
Mobilität,Fahrkultur,Oldtimer-Schnäppchen,Oldtimer,Autoklassiker,James Bond,Audi-Modelle,Audi
Mobilität,Fahrkultur,Autos unterm Hammer,Autodesign,Camping
Mobilität,Fahrkultur,Volkswagen,Volkswagen,VW-Modelle,Lotus Cars
Mobilität,Fahrkultur,Oldtimer-Schnäppchen,Oldtimer,BMW 5er,BMW-Modelle,BMW
Mobilität,Fahrkultur,Schönes Ding - die skurrilsten Auto-Designstudien,BMW-Modelle,Autodesign
Mobilität,Fahrkultur,Schönes Ding - die skurrilsten Auto-Designstudien,Autodesign
Mobilität,Fahrkultur,Camping,Urlaub und Freizeit
Mobilität,Fahrkultur,Autodesign,BMW-Modelle,Audi-Modelle
Mobilität,Fahrkultur,Autos unterm Hammer,Autoklassiker
Mobilität,Fahrkultur,Autoreifen,Michelin,Maybach,Schönes Ding - die skurrilsten Auto-Designstudien
Mobilität,Fahrkultur,Autodesign
Mobilität,Fahrkultur,Autoklassiker,Geländewagen
Mobilität,Fahrkultur,Ford
Mobilität,Fahrkultur,Oldtimer-Schnäppchen,Oldtimer,BMW 5er,BMW-Modelle,BMW
Mobilität,Fahrkultur,IAA 2017,Autodesign,Elektroautos
Mobilität,Fahrkultur
Mobilität,Fahrkultur,Oldtimer-Schnäppchen,Renault-Modelle,Oldtimer,Kleinwagen,Autoklassiker
Mobilität,Fahrkultur,Harley-Davidson,E-Bikes,Fahrräder,Motorräder
Mobilität,Fahrkultur,Prototypen im Test
Mobilität,Fahrkultur,Oldtimer-Schnäppchen,Oldtimer,Autoklassiker,Honda,Honda-Modelle
Mobilität,Fahrkultur,Schönes Ding - die skurrilsten Auto-Designstudien,Elektroautos
Mobilität,Fahrkultur,Ferrari,Fiat Chrysler Automobiles (FCA),Ferrari F1,Ferrari-Modelle,Formel 1,Giovanni &#34;Gianni&#34; Agnelli,Niki Lauda,Italien,Michael Schumacher
Mobilität,Fahrkultur,Oldtimer-Schnäppchen,Oldtimer,Autoklassiker,Jaguar,Jaguar-Modelle
Mobilität,Fahrkultur,Oldtimer-Schnäppchen,Oldtimer,Jaguar-Modelle
Mobilität,Fahrkultur,Nutzfahrzeuge,Oldtimer
Mobilität,Fahrkultur,Musik,Steve McQueen
Mobilität,Fahrkultur,Oldtimer-Schnäppchen,Oldtimer,Toyota-Modelle,Toyota,Lexus-Modelle,Lexus
Mobilität,Fahrkultur,Schönes Ding - die skurrilsten Auto-Designstudien,Mazda,Fahrzeugtechnik
Mobilität,Fahrkultur,Mazda-Modelle
Mobilität,Fahrkultur,Schönes Ding - die skurrilsten Auto-Designstudien,Autodesign,Mercedes-Benz-Modelle,Mercedes A-Klasse,Smart
Mobilität,Fahrkultur,Oldtimer-Schnäppchen,Oldtimer,Mini-Modelle,Autoklassiker,Altmetall
Mobilität,Fahrkultur,Mitsubishi,Mitsubishi-Modelle,Alternative Antriebe,Elektroautos
Mobilität,Fahrkultur,Oldtimer-Schnäppchen,Autoklassiker,Mitsubishi,Mitsubishi-Modelle
Mobilität,Fahrkultur,Motorräder,Yamaha,Honda,Harley-Davidson,Honda Motorräder
Mobilität,Fahrkultur,Mercedes S-Klasse,Mercedes-Benz-Modelle
Mobilität,Fahrkultur,E-Scooter,Camping-Zubehör,Camping
Mobilität,Fahrkultur,Oldtimer,Elektroautos,Alternative Antriebe,VW Käfer,Umweltfreundliche Fahrzeuge
Mobilität,Fahrkultur,Oldtimer-Schnäppchen,Oldtimer,Autoklassiker,Opel,Opel-Modelle
Mobilität,Fahrkultur,Autos unterm Hammer,Porsche,Porsche 911
Mobilität,Fahrkultur,Autos unterm Hammer,Belgien,Porsche,Porsche 911,Porsche-Modelle
Mobilität,Fahrkultur,Autos unterm Hammer,Oldtimer,Autoklassiker,Porsche-Modelle,Ferdinand Piëch,Motorsport,Steve McQueen,24-Stunden-Rennen von Le Mans
Mobilität,Fahrkultur,Benzinbücher,Porsche-Modelle,Porsche
Mobilität,Fahrkultur,Autos unterm Hammer,Porsche-Modelle,Porsche,Ferry Porsche,Ferdinand Porsche,Porsche 911
Mobilität,Fahrkultur,Elektroautos,Oldtimer
Mobilität,Fahrkultur,Autos unterm Hammer,Nicolae Ceausescu
Mobilität,Fahrkultur,Oldtimer-Schnäppchen,Oldtimer,Autoklassiker,Saab,Saab-Modelle
Mobilität,Fahrkultur,Saab,Saab-Modelle,Autos unterm Hammer,Oldtimer,Autoklassiker
Mobilität,Fahrkultur,Autos unterm Hammer,Ford,Mietwagen
Mobilität,Fahrkultur,Oldtimer,Autoklassiker,Elektroautos,Alternative Antriebe,Chevrolet
Mobilität,Fahrkultur,Autos unterm Hammer,Steve McQueen,Film,Hollywood
Mobilität,Fahrkultur,Oldtimer-Schnäppchen,Oldtimer,Autoklassiker,Altmetall,Subaru
Mobilität,Fahrkultur,Schönes Ding - die skurrilsten Auto-Designstudien,Toyota-Modelle,Autodesign
Mobilität,Fahrkultur,Oldtimer-Schnäppchen,Oldtimer,Toyota-Modelle,Sportwagen
Mobilität,Fahrkultur,Autoklassiker,Mazda,Japan
Mobilität,Fahrkultur,Oldtimer-Schnäppchen,Oldtimer,Autoklassiker,Altmetall,Volvo,Volvo-Modelle
Mobilität,Fahrkultur,Altmetall
Mobilität,Fahrkultur,Oldtimer-Schnäppchen,Oldtimer,Autoklassiker,Volvo,Volvo-Modelle
Mobilität,Fahrkultur,Schönes Ding - die skurrilsten Auto-Designstudien,Autodesign,Volvo-Modelle
Mobilität,Fahrkultur,Volvo,Volvo-Modelle,Schönes Ding - die skurrilsten Auto-Designstudien
Mobilität,Fahrkultur,Schönes Ding - die skurrilsten Auto-Designstudien,VW-Modelle,Autodesign
Mobilität,Fahrkultur,Autoklassiker,VW Käfer,VW-Modelle,Volkswagen
Mobilität,Fahrkultur,Schönes Ding - die skurrilsten Auto-Designstudien,Autodesign
Mobilität,Fahrkultur,Motorsport
Mobilität,Fahrkultur,Autoreifen,Auto,Service für den Urlaub,Urlaub und Freizeit
Fahrkultur,Mobilität
Fahrkultur,Mobilität,60 deutsche Autos,BMW-Modelle
Fahrkultur,Mobilität,60 deutsche Autos
Fahrkultur,Mobilität,Oldtimer-Schnäppchen,Opel-Modelle,Autoklassiker,Oldtimer
Fahrkultur,Mobilität,Oldtimer-Schnäppchen,Opel-Modelle,Autoklassiker,Oldtimer
Fahrkultur,Mobilität,Oldtimer-Schnäppchen,Porsche-Modelle,Porsche,Ferdinand Piëch,Wolfgang Porsche,Ferdinand Porsche,Ferdinand Alexander Porsche
Fahrkultur,Mobilität,Oldtimer-Schnäppchen
Fahrkultur,Mobilität,Oldtimer-Schnäppchen,VW Bus
Fahrkultur,Mobilität,Oldtimer-Schnäppchen,Autoklassiker,Oldtimer
Fahrkultur,Mobilität,Oldtimer-Schnäppchen,Autoklassiker,Oldtimer
Fahrkultur,Mobilität,Oldtimer-Schnäppchen,Autoklassiker,Oldtimer,Lancia
Fahrkultur,Mobilität,Oldtimer,Oldtimer-Schnäppchen
Fahrkultur,Mobilität,Schönes Ding - die skurrilsten Auto-Designstudien,Autodesign,Ferry Porsche,Porsche-Modelle
Fahrkultur,Mobilität,Oldtimer,Oldtimer-Schnäppchen
Fahrkultur,Mobilität,Schönes Ding - die skurrilsten Auto-Designstudien,Autodesign,BMW-Modelle
Fahrkultur,Mobilität,Mercedes-Benz-Modelle,Ford,BMW,Oldtimer,Oldtimer-Schnäppchen
Fahrkultur,Mobilität,Schönes Ding - die skurrilsten Auto-Designstudien,Autodesign,Cabrio/Roadster,BMW-Modelle
Fahrkultur,Mobilität,Oldtimer-Schnäppchen,Mercedes-Benz-Modelle,Ford,BMW,Oldtimer
Fahrkultur,Mobilität,Schönes Ding - die skurrilsten Auto-Designstudien,Peugeot-Modelle,Autodesign
Fahrkultur,Mobilität,Schönes Ding - die skurrilsten Auto-Designstudien,Autodesign,Mercedes-Benz-Modelle,Mercedes A-Klasse,Smart
Fahrkultur,Mobilität,Schönes Ding - die skurrilsten Auto-Designstudien,Autodesign,Chrysler-Modelle
Fahrkultur,Mobilität,Oldtimer-Schnäppchen,Oldtimer,VW Golf
Fahrkultur,Mobilität,Oldtimer-Schnäppchen,Oldtimer,Subaru
Fahrkultur,Mobilität,Oldtimer-Schnäppchen,Oldtimer,Subaru
Fahrkultur,Mobilität,MG Rover Group,BMW-Modelle,Autodesign,Mini-Modelle
Fahrkultur,Mobilität,Schönes Ding - die skurrilsten Auto-Designstudien,Volkswagen,Autodesign,Sportwagen,Abgasaffäre bei Volkswagen
Fahrkultur,Mobilität,Oldtimer-Schnäppchen,Oldtimer,Subaru
Fahrkultur,Mobilität,Oldtimer-Schnäppchen,Oldtimer,Autoklassiker,Honda-Modelle
Fahrkultur,Mobilität,Schönes Ding - die skurrilsten Auto-Designstudien,Nutzfahrzeuge
Fahrkultur,Mobilität,Autodesign,General Motors,Autoklassiker
Fahrkultur,Mobilität,Autodesign,Dodge-Modelle
Fahrkultur,Mobilität,Schönes Ding - die skurrilsten Auto-Designstudien,Autodesign,Borgward
Fahrkultur,Mobilität,Autodesign,Renault-Modelle
Fahrkultur,Mobilität,Schönes Ding - die skurrilsten Auto-Designstudien,Autodesign
Fahrkultur,Mobilität,Oldtimer-Schnäppchen,Oldtimer,Jaguar-Modelle
Fahrkultur,Mobilität,Oldtimer-Schnäppchen,Oldtimer,Alfa Romeo
Fahrkultur,Mobilität,Schönes Ding - die skurrilsten Auto-Designstudien,Autodesign,Dänemark
Fahrkultur,Mobilität,Oldtimer-Schnäppchen,Oldtimer,Subaru
Fahrkultur,Mobilität,Schönes Ding - die skurrilsten Auto-Designstudien,Autodesign,Chrysler-Modelle
Fahrkultur,Mobilität,Schönes Ding - die skurrilsten Auto-Designstudien,Autodesign,Ford-Modelle
Fahrkultur,Mobilität,Schönes Ding - die skurrilsten Auto-Designstudien,Autodesign,Volvo-Modelle
Fahrkultur,Mobilität,Schönes Ding - die skurrilsten Auto-Designstudien,Autodesign,Oldtimer,Autoklassiker,Audi-Modelle,Mercedes-Benz-Modelle
Fahrkultur,Mobilität,Audi,Oldtimer-Schnäppchen,Oldtimer
Fahrkultur,Mobilität,Schönes Ding - die skurrilsten Auto-Designstudien,Autodesign,Mercedes-Benz-Modelle
Fahrkultur,Mobilität,Oldtimer-Schnäppchen,Autoklassiker,Oldtimer,VW-Modelle,Volkswagen
Fahrkultur,Mobilität,Schönes Ding - die skurrilsten Auto-Designstudien,Autodesign,Kleinstwagen
Fahrkultur,Mobilität,Oldtimer-Schnäppchen,Autoklassiker,Oldtimer
Fahrkultur,Mobilität,Autodesign
Fahrkultur,Mobilität,Oldtimer-Schnäppchen,Oldtimer,Autoklassiker
Fahrkultur,Mobilität,Oldtimer-Schnäppchen,Oldtimer,Autoklassiker,James Bond,Audi-Modelle,Audi
Fahrkultur,Mobilität,Schönes Ding - die skurrilsten Auto-Designstudien,Autodesign,Opel-Modelle
Fahrkultur,Mobilität,Schönes Ding - die skurrilsten Auto-Designstudien,VW-Modelle,Autodesign
Fahrkultur,Mobilität,Schönes Ding - die skurrilsten Auto-Designstudien,Ferrari-Modelle,Autodesign
Fahrkultur,Mobilität,Oldtimer-Schnäppchen,Oldtimer,Autoklassiker,Mercedes C-Klasse,Mercedes-Benz-Modelle
Fahrkultur,Mobilität,Schönes Ding - die skurrilsten Auto-Designstudien,Autodesign,Jaguar,Jaguar-Modelle
Fahrkultur,Mobilität,Schönes Ding - die skurrilsten Auto-Designstudien,Autodesign
Fahrkultur,Mobilität,Schönes Ding - die skurrilsten Auto-Designstudien,Autodesign,Tokio Motor Show
Fahrkultur,Mobilität,Citroën-Modelle,Oldtimer-Schnäppchen
Fahrkultur,Mobilität,Schönes Ding - die skurrilsten Auto-Designstudien,Autodesign
Fahrkultur,Mobilität,Schönes Ding - die skurrilsten Auto-Designstudien,Autodesign,24-Stunden-Rennen von Le Mans
Fahrkultur,Mobilität,Oldtimer-Schnäppchen
Fahrkultur,Mobilität,Schönes Ding - die skurrilsten Auto-Designstudien,Alfa Romeo
Fahrkultur,Mobilität,Oldtimer-Schnäppchen,Ford-Modelle
Fahrkultur,Mobilität,Schönes Ding - die skurrilsten Auto-Designstudien,Autodesign,Mazda-Modelle
Fahrkultur,Mobilität,Schönes Ding - die skurrilsten Auto-Designstudien,Autodesign,Honda-Modelle
Fahrkultur,Mobilität,Schönes Ding - die skurrilsten Auto-Designstudien,Autodesign
Fahrkultur,Mobilität,Schönes Ding - die skurrilsten Auto-Designstudien,Autodesign,Maserati
Fahrkultur,Mobilität,Schönes Ding - die skurrilsten Auto-Designstudien,Citroën-Modelle,Autodesign
Fahrkultur,Mobilität,Oldtimer-Schnäppchen,Opel-Modelle,Oldtimer
Fahrkultur,Mobilität,Schönes Ding - die skurrilsten Auto-Designstudien,BMW-Modelle,Elektroautos,Autodesign
Fahrkultur,Mobilität,Oldtimer-Schnäppchen,Ford-Modelle,Oldtimer
Fahrkultur,Mobilität,Schönes Ding - die skurrilsten Auto-Designstudien,Suzuki-Modelle,Autodesign
Fahrkultur,Mobilität,Schönes Ding - die skurrilsten Auto-Designstudien,Autodesign
Fahrkultur,Mobilität,Oldtimer-Schnäppchen,Oldtimer,Citroën-Modelle
Fahrkultur,Mobilität,Oldtimer-Schnäppchen,Oldtimer,Renault-Modelle,Renault
Fahrkultur,Mobilität,Oldtimer-Schnäppchen,Oldtimer,Ford-Modelle
Fahrkultur,Mobilität,Oldtimer-Schnäppchen,Oldtimer,Alfa Romeo
Fahrkultur,Mobilität,Oldtimer-Schnäppchen,Oldtimer,VW-Modelle,Volkswagen
Fahrkultur,Mobilität,Oldtimer-Schnäppchen,Oldtimer,Saab-Modelle,Saab
Fahrkultur,Mobilität,Oldtimer-Schnäppchen,Oldtimer
Fahrkultur,Mobilität,Autodesign,Schönes Ding - die skurrilsten Auto-Designstudien
Fahrkultur,Mobilität,Autodesign,Schönes Ding - die skurrilsten Auto-Designstudien
Fahrkultur,Mobilität,Oldtimer-Schnäppchen,Oldtimer,Autoklassiker,Alfa Romeo
Fahrkultur,Mobilität,Autos unterm Hammer,Autodesign,Alfa Romeo
Fahrkultur,Mobilität,Oldtimer-Schnäppchen,Oldtimer,Autoklassiker,James Bond,Audi-Modelle,Audi
Fahrkultur,Mobilität,Autos unterm Hammer,Autodesign,Camping
Fahrkultur,Mobilität,Volkswagen,Volkswagen,VW-Modelle,Lotus Cars
Fahrkultur,Mobilität,Oldtimer-Schnäppchen,Oldtimer,BMW 5er,BMW-Modelle,BMW
Fahrkultur,Mobilität,Schönes Ding - die skurrilsten Auto-Designstudien,BMW-Modelle,Autodesign
Fahrkultur,Mobilität,Schönes Ding - die skurrilsten Auto-Designstudien,Autodesign
Fahrkultur,Mobilität,Camping,Urlaub und Freizeit
Fahrkultur,Mobilität,Autodesign,BMW-Modelle,Audi-Modelle
Fahrkultur,Mobilität,Autos unterm Hammer,Autoklassiker
Fahrkultur,Mobilität,Autoreifen,Michelin,Maybach,Schönes Ding - die skurrilsten Auto-Designstudien
Fahrkultur,Mobilität,Autodesign
Fahrkultur,Mobilität,Autoklassiker,Geländewagen
Fahrkultur,Mobilität,Ford
Fahrkultur,Mobilität,Oldtimer-Schnäppchen,Oldtimer,BMW 5er,BMW-Modelle,BMW
Fahrkultur,Mobilität,IAA 2017,Autodesign,Elektroautos
Fahrkultur,Mobilität
Fahrkultur,Mobilität,Oldtimer-Schnäppchen,Renault-Modelle,Oldtimer,Kleinwagen,Autoklassiker
Fahrkultur,Mobilität,Harley-Davidson,E-Bikes,Fahrräder,Motorräder
Fahrkultur,Mobilität,Prototypen im Test
Fahrkultur,Mobilität,Oldtimer-Schnäppchen,Oldtimer,Autoklassiker,Honda,Honda-Modelle
Fahrkultur,Mobilität,Schönes Ding - die skurrilsten Auto-Designstudien,Elektroautos
Fahrkultur,Mobilität,Ferrari,Fiat Chrysler Automobiles (FCA),Ferrari F1,Ferrari-Modelle,Formel 1,Giovanni &#34;Gianni&#34; Agnelli,Niki Lauda,Italien,Michael Schumacher
Fahrkultur,Mobilität,Oldtimer-Schnäppchen,Oldtimer,Autoklassiker,Jaguar,Jaguar-Modelle
Fahrkultur,Mobilität,Oldtimer-Schnäppchen,Oldtimer,Jaguar-Modelle
Fahrkultur,Mobilität,Nutzfahrzeuge,Oldtimer
Fahrkultur,Mobilität,Musik,Steve McQueen
Fahrkultur,Mobilität,Oldtimer-Schnäppchen,Oldtimer,Toyota-Modelle,Toyota,Lexus-Modelle,Lexus
Fahrkultur,Mobilität,Schönes Ding - die skurrilsten Auto-Designstudien,Mazda,Fahrzeugtechnik
Fahrkultur,Mobilität,Mazda-Modelle
Fahrkultur,Mobilität,Schönes Ding - die skurrilsten Auto-Designstudien,Autodesign,Mercedes-Benz-Modelle,Mercedes A-Klasse,Smart
Fahrkultur,Mobilität,Oldtimer-Schnäppchen,Oldtimer,Mini-Modelle,Autoklassiker,Altmetall
Fahrkultur,Mobilität,Mitsubishi,Mitsubishi-Modelle,Alternative Antriebe,Elektroautos
Fahrkultur,Mobilität,Oldtimer-Schnäppchen,Autoklassiker,Mitsubishi,Mitsubishi-Modelle
Fahrkultur,Mobilität,Motorräder,Yamaha,Honda,Harley-Davidson,Honda Motorräder
Fahrkultur,Mobilität,Mercedes S-Klasse,Mercedes-Benz-Modelle
Fahrkultur,Mobilität,E-Scooter,Camping-Zubehör,Camping
Fahrkultur,Mobilität,Oldtimer,Elektroautos,Alternative Antriebe,VW Käfer,Umweltfreundliche Fahrzeuge
Fahrkultur,Mobilität,Oldtimer-Schnäppchen,Oldtimer,Autoklassiker,Opel,Opel-Modelle
Fahrkultur,Mobilität,Autos unterm Hammer,Porsche,Porsche 911
Fahrkultur,Mobilität,Autos unterm Hammer,Belgien,Porsche,Porsche 911,Porsche-Modelle
Fahrkultur,Mobilität,Autos unterm Hammer,Oldtimer,Autoklassiker,Porsche-Modelle,Ferdinand Piëch,Motorsport,Steve McQueen,24-Stunden-Rennen von Le Mans
Fahrkultur,Mobilität,Benzinbücher,Porsche-Modelle,Porsche
Fahrkultur,Mobilität,Autos unterm Hammer,Porsche-Modelle,Porsche,Ferry Porsche,Ferdinand Porsche,Porsche 911
Fahrkultur,Mobilität,Elektroautos,Oldtimer
Fahrkultur,Mobilität,Autos unterm Hammer,Nicolae Ceausescu
Fahrkultur,Mobilität,Oldtimer-Schnäppchen,Oldtimer,Autoklassiker,Saab,Saab-Modelle
Fahrkultur,Mobilität,Saab,Saab-Modelle,Autos unterm Hammer,Oldtimer,Autoklassiker
Fahrkultur,Mobilität,Autos unterm Hammer,Ford,Mietwagen
Fahrkultur,Mobilität,Oldtimer,Autoklassiker,Elektroautos,Alternative Antriebe,Chevrolet
Fahrkultur,Mobilität,Autos unterm Hammer,Steve McQueen,Film,Hollywood
Fahrkultur,Mobilität,Oldtimer-Schnäppchen,Oldtimer,Autoklassiker,Altmetall,Subaru
Fahrkultur,Mobilität,Schönes Ding - die skurrilsten Auto-Designstudien,Toyota-Modelle,Autodesign
Fahrkultur,Mobilität,Oldtimer-Schnäppchen,Oldtimer,Toyota-Modelle,Sportwagen
Fahrkultur,Mobilität,Autoklassiker,Mazda,Japan
Fahrkultur,Mobilität,Oldtimer-Schnäppchen,Oldtimer,Autoklassiker,Altmetall,Volvo,Volvo-Modelle
Fahrkultur,Mobilität,Altmetall
Fahrkultur,Mobilität,Oldtimer-Schnäppchen,Oldtimer,Autoklassiker,Volvo,Volvo-Modelle
Fahrkultur,Mobilität,Schönes Ding - die skurrilsten Auto-Designstudien,Autodesign,Volvo-Modelle
Fahrkultur,Mobilität,Volvo,Volvo-Modelle,Schönes Ding - die skurrilsten Auto-Designstudien
Fahrkultur,Mobilität,Schönes Ding - die skurrilsten Auto-Designstudien,VW-Modelle,Autodesign
Fahrkultur,Mobilität,Autoklassiker,VW Käfer,VW-Modelle,Volkswagen
Fahrkultur,Mobilität,Schönes Ding - die skurrilsten Auto-Designstudien,Autodesign
Fahrkultur,Mobilität,Motorsport
Fahrkultur,Mobilität,Autoreifen,Auto,Service für den Urlaub,Urlaub und Freizeit
Oldtimer-Schnäppchen,Mobilität,Fahrkultur,Opel-Modelle,Autoklassiker,Oldtimer
Oldtimer-Schnäppchen,Mobilität,Fahrkultur,Opel-Modelle,Autoklassiker,Oldtimer
Oldtimer-Schnäppchen,Mobilität,Fahrkultur,Porsche-Modelle,Porsche,Ferdinand Piëch,Wolfgang Porsche,Ferdinand Porsche,Ferdinand Alexander Porsche
Oldtimer-Schnäppchen,Mobilität,Fahrkultur
Oldtimer-Schnäppchen,Mobilität,Fahrkultur,VW Bus
Oldtimer-Schnäppchen,Mobilität,Fahrkultur,Autoklassiker,Oldtimer
Oldtimer-Schnäppchen,Mobilität,Fahrkultur,Autoklassiker,Oldtimer
Oldtimer-Schnäppchen,Mobilität,Fahrkultur,Autoklassiker,Oldtimer,Lancia
Oldtimer-Schnäppchen,Mobilität,Fahrkultur,Oldtimer
Oldtimer-Schnäppchen,Mobilität,Fahrkultur,Oldtimer
Oldtimer-Schnäppchen,Mobilität,Fahrkultur,Mercedes-Benz-Modelle,Ford,BMW,Oldtimer
Oldtimer-Schnäppchen,Mobilität,Fahrkultur,Mercedes-Benz-Modelle,Ford,BMW,Oldtimer
Oldtimer-Schnäppchen,Mobilität,Fahrkultur,Oldtimer,VW Golf
Oldtimer-Schnäppchen,Mobilität,Fahrkultur,Oldtimer,Subaru
Oldtimer-Schnäppchen,Mobilität,Fahrkultur,Oldtimer,Subaru
Oldtimer-Schnäppchen,Mobilität,Fahrkultur,Oldtimer,Subaru
Oldtimer-Schnäppchen,Mobilität,Fahrkultur,Oldtimer,Autoklassiker,Honda-Modelle
Oldtimer-Schnäppchen,Mobilität,Tests,Oldtimer,Mitsubishi,Chrysler
Oldtimer-Schnäppchen,Mobilität,Fahrkultur,Oldtimer,Jaguar-Modelle
Oldtimer-Schnäppchen,Mobilität,Fahrkultur,Oldtimer,Alfa Romeo
Oldtimer-Schnäppchen,Mobilität,Fahrkultur,Oldtimer,Subaru
Oldtimer-Schnäppchen,Mobilität,Fahrkultur,Audi,Oldtimer
Oldtimer-Schnäppchen,Mobilität,Fahrkultur,Autoklassiker,Oldtimer,VW-Modelle,Volkswagen
Oldtimer-Schnäppchen,Mobilität,Fahrkultur,Autoklassiker,Oldtimer
Oldtimer-Schnäppchen,Mobilität,Fahrkultur,Oldtimer,Autoklassiker
Oldtimer-Schnäppchen,Mobilität,Fahrkultur,Oldtimer,Autoklassiker,James Bond,Audi-Modelle,Audi
Oldtimer-Schnäppchen,Mobilität,Fahrkultur,Oldtimer,Autoklassiker,Mercedes C-Klasse,Mercedes-Benz-Modelle
Oldtimer-Schnäppchen,Mobilität,Fahrkultur,Citroën-Modelle
Oldtimer-Schnäppchen,Mobilität,Fahrkultur
Oldtimer-Schnäppchen,Mobilität,Tests,Opel,Opel-Modelle
Oldtimer-Schnäppchen,Mobilität,Tests
Oldtimer-Schnäppchen,Mobilität,Fahrkultur,Ford-Modelle
Oldtimer-Schnäppchen,Mobilität,Fahrkultur,Opel-Modelle,Oldtimer
Oldtimer-Schnäppchen,Mobilität,Fahrkultur,Ford-Modelle,Oldtimer
Oldtimer-Schnäppchen,Mobilität,Fahrkultur,Oldtimer,Citroën-Modelle
Oldtimer-Schnäppchen,Mobilität,Fahrkultur,Oldtimer,Renault-Modelle,Renault
Oldtimer-Schnäppchen,Mobilität,Fahrkultur,Oldtimer,Ford-Modelle
Oldtimer-Schnäppchen,Mobilität,Fahrkultur,Oldtimer,Alfa Romeo
Oldtimer-Schnäppchen,Mobilität,Fahrkultur,Oldtimer,VW-Modelle,Volkswagen
Oldtimer-Schnäppchen,Mobilität,Fahrkultur,Oldtimer,Saab-Modelle,Saab
Oldtimer-Schnäppchen,Mobilität,Fahrkultur,Oldtimer
Oldtimer-Schnäppchen,Mobilität,Fahrkultur,Oldtimer,Autoklassiker,Alfa Romeo
Oldtimer-Schnäppchen,Mobilität,Fahrkultur,Oldtimer,Autoklassiker,James Bond,Audi-Modelle,Audi
Oldtimer-Schnäppchen,Mobilität,Fahrkultur,Oldtimer,BMW 5er,BMW-Modelle,BMW
Oldtimer-Schnäppchen,Mobilität,Fahrkultur,Oldtimer,BMW 5er,BMW-Modelle,BMW
Oldtimer-Schnäppchen,Mobilität,Fahrkultur,Renault-Modelle,Oldtimer,Kleinwagen,Autoklassiker
Oldtimer-Schnäppchen,Mobilität,Fahrkultur,Oldtimer,Autoklassiker,Honda,Honda-Modelle
Oldtimer-Schnäppchen,Mobilität,Fahrkultur,Oldtimer,Autoklassiker,Jaguar,Jaguar-Modelle
Oldtimer-Schnäppchen,Mobilität,Fahrkultur,Oldtimer,Jaguar-Modelle
Oldtimer-Schnäppchen,Mobilität,Fahrkultur,Oldtimer,Toyota-Modelle,Toyota,Lexus-Modelle,Lexus
Oldtimer-Schnäppchen,Mobilität,Fahrkultur,Oldtimer,Mini-Modelle,Autoklassiker,Altmetall
Oldtimer-Schnäppchen,Mobilität,Fahrkultur,Autoklassiker,Mitsubishi,Mitsubishi-Modelle
Oldtimer-Schnäppchen,Mobilität,Fahrkultur,Oldtimer,Autoklassiker,Opel,Opel-Modelle
Oldtimer-Schnäppchen,Mobilität,Fahrkultur,Oldtimer,Autoklassiker,Saab,Saab-Modelle
Oldtimer-Schnäppchen,Mobilität,Fahrkultur,Oldtimer,Autoklassiker,Altmetall,Subaru
Oldtimer-Schnäppchen,Mobilität,Fahrkultur,Oldtimer,Toyota-Modelle,Sportwagen
Oldtimer-Schnäppchen,Mobilität,Fahrkultur,Oldtimer,Autoklassiker,Altmetall,Volvo,Volvo-Modelle
Oldtimer-Schnäppchen,Mobilität,Fahrkultur,Oldtimer,Autoklassiker,Volvo,Volvo-Modelle
Oldtimer,Mobilität,Fahrkultur,Oldtimer-Schnäppchen,Opel-Modelle,Autoklassiker
Oldtimer,Mobilität,Fahrkultur,Oldtimer-Schnäppchen,Opel-Modelle,Autoklassiker
Oldtimer,Mobilität,Fahrkultur,-Schnäppchen,Porsche-Modelle,Porsche,Ferdinand Piëch,Wolfgang Porsche,Ferdinand Porsche,Ferdinand Alexander Porsche
Oldtimer,Mobilität,Fahrkultur,-Schnäppchen
Oldtimer,Mobilität,Fahrkultur,-Schnäppchen,VW Bus
Oldtimer,Mobilität,Fahrkultur,Oldtimer-Schnäppchen,Autoklassiker
Oldtimer,Mobilität,Fahrkultur,Oldtimer-Schnäppchen,Autoklassiker
Oldtimer,Mobilität,Fahrkultur,Oldtimer-Schnäppchen,Autoklassiker,Lancia
Oldtimer,Mobilität,Fahrkultur,Oldtimer,-Schnäppchen
Oldtimer,Mobilität,Fahrkultur,Oldtimer,-Schnäppchen
Oldtimer,Mobilität,Fahrkultur,Mercedes-Benz-Modelle,Ford,BMW,Oldtimer,-Schnäppchen
Oldtimer,Mobilität,Fahrkultur,Oldtimer-Schnäppchen,Mercedes-Benz-Modelle,Ford,BMW
Oldtimer,Mobilität,Fahrkultur,Oldtimer-Schnäppchen,VW Golf
Oldtimer,Mobilität,Fahrkultur,Oldtimer-Schnäppchen,Subaru
Oldtimer,Mobilität,Fahrkultur,Oldtimer-Schnäppchen,Subaru
Oldtimer,Mobilität,Fahrkultur,Oldtimer-Schnäppchen,Subaru
Oldtimer,Mobilität,Fahrkultur,Oldtimer-Schnäppchen,Autoklassiker,Honda-Modelle
Oldtimer,Mobilität,Tests,Oldtimer-Schnäppchen,Mitsubishi,Chrysler
Oldtimer,Mobilität,Fahrkultur,Oldtimer-Schnäppchen,Jaguar-Modelle
Oldtimer,Mobilität,Fahrkultur,Oldtimer-Schnäppchen,Alfa Romeo
Oldtimer,Mobilität,Fahrkultur,Oldtimer-Schnäppchen,Subaru
Oldtimer,Mobilität,Fahrkultur,Schönes Ding - die skurrilsten Auto-Designstudien,Autodesign,Autoklassiker,Audi-Modelle,Mercedes-Benz-Modelle
Oldtimer,Mobilität,Fahrkultur,Audi,Oldtimer-Schnäppchen
Oldtimer,Mobilität,Fahrkultur,Oldtimer-Schnäppchen,Autoklassiker,VW-Modelle,Volkswagen
Oldtimer,Mobilität,Fahrkultur,Oldtimer-Schnäppchen,Autoklassiker
Oldtimer,Mobilität,Fahrkultur,Oldtimer-Schnäppchen,Autoklassiker
Oldtimer,Mobilität,Fahrkultur,Oldtimer-Schnäppchen,Autoklassiker,James Bond,Audi-Modelle,Audi
Oldtimer,Mobilität,Fahrkultur,Oldtimer-Schnäppchen,Autoklassiker,Mercedes C-Klasse,Mercedes-Benz-Modelle
Oldtimer,Mobilität,Fahrkultur,Citroën-Modelle,-Schnäppchen
Oldtimer,Mobilität,Fahrkultur,-Schnäppchen
Oldtimer,Mobilität,Tests,-Schnäppchen,Opel,Opel-Modelle
Oldtimer,Mobilität,Tests,-Schnäppchen
Oldtimer,Mobilität,Fahrkultur,-Schnäppchen,Ford-Modelle
Oldtimer,Mobilität,Fahrkultur,Oldtimer-Schnäppchen,Opel-Modelle
Oldtimer,Mobilität,Fahrkultur,Oldtimer-Schnäppchen,Ford-Modelle
Oldtimer,Mobilität,Fahrkultur,Oldtimer-Schnäppchen,Citroën-Modelle
Oldtimer,Mobilität,Fahrkultur,Oldtimer-Schnäppchen,Renault-Modelle,Renault
Oldtimer,Mobilität,Fahrkultur,Oldtimer-Schnäppchen,Ford-Modelle
Oldtimer,Mobilität,Fahrkultur,Oldtimer-Schnäppchen,Alfa Romeo
Oldtimer,Mobilität,Fahrkultur,Oldtimer-Schnäppchen,VW-Modelle,Volkswagen
Oldtimer,Mobilität,Fahrkultur,Oldtimer-Schnäppchen,Saab-Modelle,Saab
Oldtimer,Mobilität,Fahrkultur,Oldtimer-Schnäppchen
Oldtimer,Mobilität,Fahrkultur,Oldtimer-Schnäppchen,Autoklassiker,Alfa Romeo
Oldtimer,Mobilität,Fahrkultur,Oldtimer-Schnäppchen,Autoklassiker,James Bond,Audi-Modelle,Audi
Oldtimer,Mobilität,Fahrkultur,Oldtimer-Schnäppchen,BMW 5er,BMW-Modelle,BMW
Oldtimer,Mobilität,Fahrkultur,Oldtimer-Schnäppchen,BMW 5er,BMW-Modelle,BMW
Oldtimer,Mobilität,Fahrkultur,Oldtimer-Schnäppchen,Renault-Modelle,Kleinwagen,Autoklassiker
Oldtimer,Mobilität,Fahrkultur,Oldtimer-Schnäppchen,Autoklassiker,Honda,Honda-Modelle
Oldtimer,Mobilität,Fahrkultur,Oldtimer-Schnäppchen,Autoklassiker,Jaguar,Jaguar-Modelle
Oldtimer,Mobilität,Fahrkultur,Oldtimer-Schnäppchen,Jaguar-Modelle
Oldtimer,Mobilität,Fahrkultur,Nutzfahrzeuge
Oldtimer,Mobilität,Fahrkultur,Oldtimer-Schnäppchen,Toyota-Modelle,Toyota,Lexus-Modelle,Lexus
Oldtimer,Mobilität,Fahrkultur,Oldtimer-Schnäppchen,Mini-Modelle,Autoklassiker,Altmetall
Oldtimer,Mobilität,Fahrkultur,-Schnäppchen,Autoklassiker,Mitsubishi,Mitsubishi-Modelle
Oldtimer,Mobilität,Fahrkultur,Elektroautos,Alternative Antriebe,VW Käfer,Umweltfreundliche Fahrzeuge
Oldtimer,Mobilität,Fahrkultur,Oldtimer-Schnäppchen,Autoklassiker,Opel,Opel-Modelle
Oldtimer,Mobilität,Fahrkultur,Autos unterm Hammer,Autoklassiker,Porsche-Modelle,Ferdinand Piëch,Motorsport,Steve McQueen,24-Stunden-Rennen von Le Mans
Oldtimer,Mobilität,Fahrkultur,Elektroautos
Oldtimer,Mobilität,Fahrkultur,Oldtimer-Schnäppchen,Autoklassiker,Saab,Saab-Modelle
Oldtimer,Mobilität,Fahrkultur,Saab,Saab-Modelle,Autos unterm Hammer,Autoklassiker
Oldtimer,Mobilität,Fahrkultur,Autoklassiker,Elektroautos,Alternative Antriebe,Chevrolet
Oldtimer,Mobilität,Fahrkultur,Oldtimer-Schnäppchen,Autoklassiker,Altmetall,Subaru
Oldtimer,Mobilität,Fahrkultur,Oldtimer-Schnäppchen,Toyota-Modelle,Sportwagen
Oldtimer,Mobilität,Fahrkultur,Oldtimer-Schnäppchen,Autoklassiker,Altmetall,Volvo,Volvo-Modelle
Oldtimer,Mobilität,Fahrkultur,Oldtimer-Schnäppchen,Autoklassiker,Volvo,Volvo-Modelle
Autodesign,Mobilität,Fahrkultur,Schönes Ding - die skurrilsten Auto-Designstudien,Ferry Porsche,Porsche-Modelle
Autodesign,Mobilität,Fahrkultur,Schönes Ding - die skurrilsten Auto-Designstudien,BMW-Modelle
Autodesign,Mobilität,Fahrkultur,Schönes Ding - die skurrilsten Auto-Designstudien,Cabrio/Roadster,BMW-Modelle
Autodesign,Mobilität,Fahrkultur,Schönes Ding - die skurrilsten Auto-Designstudien,Peugeot-Modelle
Autodesign,Mobilität,Fahrkultur,Schönes Ding - die skurrilsten Auto-Designstudien,Mercedes-Benz-Modelle,Mercedes A-Klasse,Smart
Autodesign,Mobilität,Fahrkultur,Schönes Ding - die skurrilsten Auto-Designstudien,Chrysler-Modelle
Autodesign,Mobilität,Fahrkultur,MG Rover Group,BMW-Modelle,Mini-Modelle
Autodesign,Mobilität,Fahrkultur,Schönes Ding - die skurrilsten Auto-Designstudien,Volkswagen,Sportwagen,Abgasaffäre bei Volkswagen
Autodesign,Mobilität,Fahrkultur,General Motors,Autoklassiker
Autodesign,Mobilität,Fahrkultur,Dodge-Modelle
Autodesign,Mobilität,Fahrkultur,Schönes Ding - die skurrilsten Auto-Designstudien,Borgward
Autodesign,Mobilität,Fahrkultur,Renault-Modelle
Autodesign,Mobilität,Fahrkultur,Schönes Ding - die skurrilsten Auto-Designstudien
Autodesign,Mobilität,Fahrkultur,Schönes Ding - die skurrilsten Auto-Designstudien,Dänemark
Autodesign,Mobilität,Fahrkultur,Schönes Ding - die skurrilsten Auto-Designstudien,Chrysler-Modelle
Autodesign,Mobilität,Fahrkultur,Schönes Ding - die skurrilsten Auto-Designstudien,Ford-Modelle
Autodesign,Mobilität,Fahrkultur,Schönes Ding - die skurrilsten Auto-Designstudien,Volvo-Modelle
Autodesign,Mobilität,Fahrkultur,Schönes Ding - die skurrilsten Auto-Designstudien,Oldtimer,Autoklassiker,Audi-Modelle,Mercedes-Benz-Modelle
Autodesign,Mobilität,Fahrkultur,Schönes Ding - die skurrilsten Auto-Designstudien,Mercedes-Benz-Modelle
Autodesign,Mobilität,Fahrkultur,Schönes Ding - die skurrilsten Auto-Designstudien,Kleinstwagen
Autodesign,Mobilität,Fahrkultur
Autodesign,Mobilität,Fahrkultur,Schönes Ding - die skurrilsten Auto-Designstudien,Opel-Modelle
Autodesign,Mobilität,Fahrkultur,Schönes Ding - die skurrilsten Auto-Designstudien,VW-Modelle
Autodesign,Mobilität,Fahrkultur,Schönes Ding - die skurrilsten Auto-Designstudien,Ferrari-Modelle
Autodesign,Mobilität,Fahrkultur,Schönes Ding - die skurrilsten Auto-Designstudien,Jaguar,Jaguar-Modelle
Autodesign,Mobilität,Fahrkultur,Schönes Ding - die skurrilsten Auto-Designstudien
Autodesign,Mobilität,Fahrkultur,Schönes Ding - die skurrilsten Auto-Designstudien,Tokio Motor Show
Autodesign,Mobilität,Fahrkultur,Schönes Ding - die skurrilsten Auto-Designstudien
Autodesign,Mobilität,Fahrkultur,Schönes Ding - die skurrilsten Auto-Designstudien,24-Stunden-Rennen von Le Mans
Autodesign,Mobilität,Fahrkultur,Schönes Ding - die skurrilsten Auto-Designstudien,Mazda-Modelle
Autodesign,Mobilität,Fahrkultur,Schönes Ding - die skurrilsten Auto-Designstudien,Honda-Modelle
Autodesign,Mobilität,Fahrkultur,Schönes Ding - die skurrilsten Auto-Designstudien
Autodesign,Mobilität,Fahrkultur,Schönes Ding - die skurrilsten Auto-Designstudien,Maserati
Autodesign,Mobilität,Fahrkultur,Schönes Ding - die skurrilsten Auto-Designstudien,Citroën-Modelle
Autodesign,Mobilität,Fahrkultur,Schönes Ding - die skurrilsten Auto-Designstudien,BMW-Modelle,Elektroautos
Autodesign,Mobilität,Fahrkultur,Schönes Ding - die skurrilsten Auto-Designstudien,Suzuki-Modelle
Autodesign,Mobilität,Fahrkultur,Schönes Ding - die skurrilsten Auto-Designstudien
Autodesign,Mobilität,Fahrkultur,Schönes Ding - die skurrilsten Auto-Designstudien
Autodesign,Mobilität,Fahrkultur,Schönes Ding - die skurrilsten Auto-Designstudien
Autodesign,Mobilität,Fahrkultur,Autos unterm Hammer,Alfa Romeo
Autodesign,Mobilität,Fahrkultur,Autos unterm Hammer,Camping
Autodesign,Mobilität,Fahrkultur,Schönes Ding - die skurrilsten Auto-Designstudien,BMW-Modelle
Autodesign,Mobilität,Fahrkultur,Schönes Ding - die skurrilsten Auto-Designstudien
Autodesign,Mobilität,Fahrkultur,BMW-Modelle,Audi-Modelle
Autodesign,Mobilität,Fahrkultur
Autodesign,Mobilität,Fahrkultur,IAA 2017,Elektroautos
Autodesign,Mobilität,Fahrkultur,Schönes Ding - die skurrilsten Auto-Designstudien,Mercedes-Benz-Modelle,Mercedes A-Klasse,Smart
Autodesign,Mobilität,Fahrkultur,Schönes Ding - die skurrilsten Auto-Designstudien,Toyota-Modelle
Autodesign,Mobilität,Fahrkultur,Schönes Ding - die skurrilsten Auto-Designstudien,Volvo-Modelle
Autodesign,Mobilität,Fahrkultur,Schönes Ding - die skurrilsten Auto-Designstudien,VW-Modelle
Autodesign,Mobilität,Fahrkultur,Schönes Ding - die skurrilsten Auto-Designstudien
Schönes Ding - die skurrilsten Auto-Designstudien,Mobilität,Fahrkultur,Autodesign,Ferry Porsche,Porsche-Modelle
Schönes Ding - die skurrilsten Auto-Designstudien,Mobilität,Fahrkultur,Autodesign,BMW-Modelle
Schönes Ding - die skurrilsten Auto-Designstudien,Mobilität,Fahrkultur,Autodesign,Cabrio/Roadster,BMW-Modelle
Schönes Ding - die skurrilsten Auto-Designstudien,Mobilität,Fahrkultur,Peugeot-Modelle,Autodesign
Schönes Ding - die skurrilsten Auto-Designstudien,Mobilität,Fahrkultur,Autodesign,Mercedes-Benz-Modelle,Mercedes A-Klasse,Smart
Schönes Ding - die skurrilsten Auto-Designstudien,Mobilität,Fahrkultur,Autodesign,Chrysler-Modelle
Schönes Ding - die skurrilsten Auto-Designstudien,Mobilität,Fahrkultur,Volkswagen,Autodesign,Sportwagen,Abgasaffäre bei Volkswagen
Schönes Ding - die skurrilsten Auto-Designstudien,Mobilität,Fahrkultur,Nutzfahrzeuge
Schönes Ding - die skurrilsten Auto-Designstudien,Mobilität,Fahrkultur,Autodesign,Borgward
Schönes Ding - die skurrilsten Auto-Designstudien,Mobilität,Fahrkultur,Autodesign
Schönes Ding - die skurrilsten Auto-Designstudien,Mobilität,Fahrkultur,Autodesign,Dänemark
Schönes Ding - die skurrilsten Auto-Designstudien,Mobilität,Fahrkultur,Autodesign,Chrysler-Modelle
Schönes Ding - die skurrilsten Auto-Designstudien,Mobilität,Fahrkultur,Autodesign,Ford-Modelle
Schönes Ding - die skurrilsten Auto-Designstudien,Mobilität,Fahrkultur,Autodesign,Volvo-Modelle
Schönes Ding - die skurrilsten Auto-Designstudien,Mobilität,Fahrkultur,Autodesign,Oldtimer,Autoklassiker,Audi-Modelle,Mercedes-Benz-Modelle
Schönes Ding - die skurrilsten Auto-Designstudien,Mobilität,Fahrkultur,Autodesign,Mercedes-Benz-Modelle
Schönes Ding - die skurrilsten Auto-Designstudien,Mobilität,Fahrkultur,Autodesign,Kleinstwagen
Schönes Ding - die skurrilsten Auto-Designstudien,Mobilität,Fahrkultur,Autodesign,Opel-Modelle
Schönes Ding - die skurrilsten Auto-Designstudien,Mobilität,Fahrkultur,VW-Modelle,Autodesign
Schönes Ding - die skurrilsten Auto-Designstudien,Mobilität,Fahrkultur,Ferrari-Modelle,Autodesign
Schönes Ding - die skurrilsten Auto-Designstudien,Mobilität,Fahrkultur,Autodesign,Jaguar,Jaguar-Modelle
Schönes Ding - die skurrilsten Auto-Designstudien,Mobilität,Fahrkultur,Autodesign
Schönes Ding - die skurrilsten Auto-Designstudien,Mobilität,Fahrkultur,Autodesign,Tokio Motor Show
Schönes Ding - die skurrilsten Auto-Designstudien,Mobilität,Fahrkultur,Autodesign
Schönes Ding - die skurrilsten Auto-Designstudien,Mobilität,Fahrkultur,Autodesign,24-Stunden-Rennen von Le Mans
Schönes Ding - die skurrilsten Auto-Designstudien,Mobilität,Fahrkultur,Alfa Romeo
Schönes Ding - die skurrilsten Auto-Designstudien,Mobilität,Fahrkultur,Autodesign,Mazda-Modelle
Schönes Ding - die skurrilsten Auto-Designstudien,Mobilität,Fahrkultur,Autodesign,Honda-Modelle
Schönes Ding - die skurrilsten Auto-Designstudien,Mobilität,Fahrkultur,Autodesign
Schönes Ding - die skurrilsten Auto-Designstudien,Mobilität,Fahrkultur,Autodesign,Maserati
Schönes Ding - die skurrilsten Auto-Designstudien,Mobilität,Fahrkultur,Citroën-Modelle,Autodesign
Schönes Ding - die skurrilsten Auto-Designstudien,Mobilität,Fahrkultur,BMW-Modelle,Elektroautos,Autodesign
Schönes Ding - die skurrilsten Auto-Designstudien,Mobilität,Fahrkultur,Suzuki-Modelle,Autodesign
Schönes Ding - die skurrilsten Auto-Designstudien,Mobilität,Fahrkultur,Autodesign
Schönes Ding - die skurrilsten Auto-Designstudien,Mobilität,Fahrkultur,Autodesign
Schönes Ding - die skurrilsten Auto-Designstudien,Mobilität,Fahrkultur,Autodesign
Schönes Ding - die skurrilsten Auto-Designstudien,Mobilität,Fahrkultur,BMW-Modelle,Autodesign
Schönes Ding - die skurrilsten Auto-Designstudien,Mobilität,Fahrkultur,Autodesign
Schönes Ding - die skurrilsten Auto-Designstudien,Mobilität,Fahrkultur,Autoreifen,Michelin,Maybach
Schönes Ding - die skurrilsten Auto-Designstudien,Mobilität,Fahrkultur,Elektroautos
Schönes Ding - die skurrilsten Auto-Designstudien,Mobilität,Fahrkultur,Mazda,Fahrzeugtechnik
Schönes Ding - die skurrilsten Auto-Designstudien,Mobilität,Fahrkultur,Autodesign,Mercedes-Benz-Modelle,Mercedes A-Klasse,Smart
Schönes Ding - die skurrilsten Auto-Designstudien,Mobilität,Fahrkultur,Toyota-Modelle,Autodesign
Schönes Ding - die skurrilsten Auto-Designstudien,Mobilität,Fahrkultur,Autodesign,Volvo-Modelle
Schönes Ding - die skurrilsten Auto-Designstudien,Mobilität,Fahrkultur,Volvo,Volvo-Modelle
Schönes Ding - die skurrilsten Auto-Designstudien,Mobilität,Fahrkultur,VW-Modelle,Autodesign
Schönes Ding - die skurrilsten Auto-Designstudien,Mobilität,Fahrkultur,Autodesign
Autoklassiker,Mobilität,Fahrkultur,Oldtimer-Schnäppchen,Opel-Modelle,Oldtimer
Autoklassiker,Mobilität,Fahrkultur,Oldtimer-Schnäppchen,Opel-Modelle,Oldtimer
Autoklassiker,Mobilität,Fahrkultur,Oldtimer-Schnäppchen,Oldtimer
Autoklassiker,Mobilität,Fahrkultur,Oldtimer-Schnäppchen,Oldtimer
Autoklassiker,Mobilität,Fahrkultur,Oldtimer-Schnäppchen,Oldtimer,Lancia
Autoklassiker,Mobilität,Fahrkultur,Oldtimer-Schnäppchen,Oldtimer,Honda-Modelle
Autoklassiker,Mobilität,Fahrkultur,Autodesign,General Motors
Autoklassiker,Mobilität,Fahrkultur,Schönes Ding - die skurrilsten Auto-Designstudien,Autodesign,Oldtimer,Audi-Modelle,Mercedes-Benz-Modelle
Autoklassiker,Mobilität,Fahrkultur,Oldtimer-Schnäppchen,Oldtimer,VW-Modelle,Volkswagen
Autoklassiker,Mobilität,Fahrkultur,Oldtimer-Schnäppchen,Oldtimer
Autoklassiker,Mobilität,Fahrkultur,Oldtimer-Schnäppchen,Oldtimer
Autoklassiker,Mobilität,Fahrkultur,Oldtimer-Schnäppchen,Oldtimer,James Bond,Audi-Modelle,Audi
Autoklassiker,Mobilität,Fahrkultur,Oldtimer-Schnäppchen,Oldtimer,Mercedes C-Klasse,Mercedes-Benz-Modelle
Autoklassiker,Mobilität,Fahrkultur,Oldtimer-Schnäppchen,Oldtimer,Alfa Romeo
Autoklassiker,Mobilität,Fahrkultur,Oldtimer-Schnäppchen,Oldtimer,James Bond,Audi-Modelle,Audi
Autoklassiker,Mobilität,Fahrkultur,Autos unterm Hammer
Autoklassiker,Mobilität,Fahrkultur,Geländewagen
Autoklassiker,Mobilität,Fahrkultur,Oldtimer-Schnäppchen,Renault-Modelle,Oldtimer,Kleinwagen
Autoklassiker,Mobilität,Fahrkultur,Oldtimer-Schnäppchen,Oldtimer,Honda,Honda-Modelle
Autoklassiker,Mobilität,Fahrkultur,Oldtimer-Schnäppchen,Oldtimer,Jaguar,Jaguar-Modelle
Autoklassiker,Mobilität,Fahrkultur,Oldtimer-Schnäppchen,Oldtimer,Mini-Modelle,Altmetall
Autoklassiker,Mobilität,Fahrkultur,Oldtimer-Schnäppchen,Mitsubishi,Mitsubishi-Modelle
Autoklassiker,Mobilität,Fahrkultur,Oldtimer-Schnäppchen,Oldtimer,Opel,Opel-Modelle
Autoklassiker,Mobilität,Fahrkultur,Autos unterm Hammer,Oldtimer,Porsche-Modelle,Ferdinand Piëch,Motorsport,Steve McQueen,24-Stunden-Rennen von Le Mans
Autoklassiker,Mobilität,Fahrkultur,Oldtimer-Schnäppchen,Oldtimer,Saab,Saab-Modelle
Autoklassiker,Mobilität,Fahrkultur,Saab,Saab-Modelle,Autos unterm Hammer,Oldtimer
Autoklassiker,Mobilität,Fahrkultur,Oldtimer,Elektroautos,Alternative Antriebe,Chevrolet
Autoklassiker,Mobilität,Fahrkultur,Oldtimer-Schnäppchen,Oldtimer,Altmetall,Subaru
Autoklassiker,Mobilität,Fahrkultur,Mazda,Japan
Autoklassiker,Mobilität,Fahrkultur,Oldtimer-Schnäppchen,Oldtimer,Altmetall,Volvo,Volvo-Modelle
Autoklassiker,Mobilität,Fahrkultur,Oldtimer-Schnäppchen,Oldtimer,Volvo,Volvo-Modelle
Autoklassiker,Mobilität,Fahrkultur,VW Käfer,VW-Modelle,Volkswagen
Autos unterm Hammer,Mobilität,Fahrkultur,Autodesign,Alfa Romeo
Autos unterm Hammer,Mobilität,Fahrkultur,Autodesign,Camping
Autos unterm Hammer,Mobilität,Fahrkultur,Autoklassiker
Autos unterm Hammer,Mobilität,Fahrkultur,Porsche,Porsche 911
Autos unterm Hammer,Mobilität,Fahrkultur,Belgien,Porsche,Porsche 911,Porsche-Modelle
Autos unterm Hammer,Mobilität,Fahrkultur,Oldtimer,Autoklassiker,Porsche-Modelle,Ferdinand Piëch,Motorsport,Steve McQueen,24-Stunden-Rennen von Le Mans
Autos unterm Hammer,Mobilität,Fahrkultur,Porsche-Modelle,Porsche,Ferry Porsche,Ferdinand Porsche,Porsche 911
Autos unterm Hammer,Mobilität,Fahrkultur,Nicolae Ceausescu
Autos unterm Hammer,Mobilität,Fahrkultur,Saab,Saab-Modelle,Oldtimer,Autoklassiker
Autos unterm Hammer,Mobilität,Fahrkultur,Ford,Mietwagen
Autos unterm Hammer,Mobilität,Fahrkultur,Steve McQueen,Film,Hollywood
BMW-Modelle,Mobilität,Fahrkultur,60 deutsche Autos
BMW-Modelle,Mobilität,Fahrkultur,Schönes Ding - die skurrilsten Auto-Designstudien,Autodesign
BMW-Modelle,Mobilität,Fahrkultur,Schönes Ding - die skurrilsten Auto-Designstudien,Autodesign,Cabrio/Roadster
BMW-Modelle,Mobilität,Fahrkultur,MG Rover Group,Autodesign,Mini-Modelle
BMW-Modelle,Mobilität,Fahrkultur,Schönes Ding - die skurrilsten Auto-Designstudien,Elektroautos,Autodesign
BMW-Modelle,Mobilität,Fahrkultur,Oldtimer-Schnäppchen,Oldtimer,BMW 5er,BMW
BMW-Modelle,Mobilität,Fahrkultur,Schönes Ding - die skurrilsten Auto-Designstudien,Autodesign
BMW-Modelle,Mobilität,Fahrkultur,Autodesign,Audi-Modelle
BMW-Modelle,Mobilität,Fahrkultur,Oldtimer-Schnäppchen,Oldtimer,BMW 5er,BMW
Mercedes-Benz-Modelle,Mobilität,Fahrkultur,Ford,BMW,Oldtimer,Oldtimer-Schnäppchen
Mercedes-Benz-Modelle,Mobilität,Fahrkultur,Oldtimer-Schnäppchen,Ford,BMW,Oldtimer
Mercedes-Benz-Modelle,Mobilität,Fahrkultur,Schönes Ding - die skurrilsten Auto-Designstudien,Autodesign,Mercedes A-Klasse,Smart
Mercedes-Benz-Modelle,Mobilität,Fahrkultur,Schönes Ding - die skurrilsten Auto-Designstudien,Autodesign,Oldtimer,Autoklassiker,Audi-Modelle
Mercedes-Benz-Modelle,Mobilität,Fahrkultur,Schönes Ding - die skurrilsten Auto-Designstudien,Autodesign
Mercedes-Benz-Modelle,Mobilität,Fahrkultur,Oldtimer-Schnäppchen,Oldtimer,Autoklassiker,Mercedes C-Klasse
Mercedes-Benz-Modelle,Mobilität,Fahrkultur,Schönes Ding - die skurrilsten Auto-Designstudien,Autodesign,Mercedes A-Klasse,Smart
Mercedes-Benz-Modelle,Mobilität,Fahrkultur,Mercedes S-Klasse
Elektroautos,Mobilität,Fahrkultur,Schönes Ding - die skurrilsten Auto-Designstudien,BMW-Modelle,Autodesign
Elektroautos,Mobilität,Fahrkultur,IAA 2017,Autodesign
Elektroautos,Mobilität,Fahrkultur,Schönes Ding - die skurrilsten Auto-Designstudien
Elektroautos,Mobilität,Fahrkultur,Mitsubishi,Mitsubishi-Modelle,Alternative Antriebe
Elektroautos,Mobilität,Fahrkultur,Oldtimer,Alternative Antriebe,VW Käfer,Umweltfreundliche Fahrzeuge
Elektroautos,Mobilität,Fahrkultur,Oldtimer
Elektroautos,Mobilität,Fahrkultur,Oldtimer,Autoklassiker,Alternative Antriebe,Chevrolet
Volkswagen,Mobilität,Fahrkultur,Schönes Ding - die skurrilsten Auto-Designstudien,Volkswagen,Autodesign,Sportwagen,Abgasaffäre bei 
Volkswagen,Mobilität,Fahrkultur,Oldtimer-Schnäppchen,Autoklassiker,Oldtimer,VW-Modelle
Volkswagen,Mobilität,Fahrkultur,Oldtimer-Schnäppchen,Oldtimer,VW-Modelle
Volkswagen,Mobilität,Fahrkultur,Volkswagen,VW-Modelle,Lotus Cars
Volkswagen,Mobilität,Fahrkultur,Autoklassiker,VW Käfer,VW-Modelle
VW-Modelle,Mobilität,Fahrkultur,Oldtimer-Schnäppchen,Autoklassiker,Oldtimer,Volkswagen
VW-Modelle,Mobilität,Fahrkultur,Schönes Ding - die skurrilsten Auto-Designstudien,Autodesign
VW-Modelle,Mobilität,Fahrkultur,Oldtimer-Schnäppchen,Oldtimer,Volkswagen
VW-Modelle,Mobilität,Fahrkultur,Volkswagen,Volkswagen,Lotus Cars
VW-Modelle,Mobilität,Fahrkultur,Schönes Ding - die skurrilsten Auto-Designstudien,Autodesign
VW-Modelle,Mobilität,Fahrkultur,Autoklassiker,VW Käfer,Volkswagen
Porsche-Modelle,Mobilität,Fahrkultur,Oldtimer-Schnäppchen,Porsche,Ferdinand Piëch,Wolfgang Porsche,Ferdinand Porsche,Ferdinand Alexander Porsche
Porsche-Modelle,Mobilität,Fahrkultur,Schönes Ding - die skurrilsten Auto-Designstudien,Autodesign,Ferry Porsche
Porsche-Modelle,Mobilität,Fahrkultur,Autos unterm Hammer,Belgien,Porsche,Porsche 911
Porsche-Modelle,Mobilität,Fahrkultur,Autos unterm Hammer,Oldtimer,Autoklassiker,Ferdinand Piëch,Motorsport,Steve McQueen,24-Stunden-Rennen von Le Mans
Porsche-Modelle,Mobilität,Fahrkultur,Benzinbücher,Porsche
Porsche-Modelle,Mobilität,Fahrkultur,Autos unterm Hammer,Porsche,Ferry Porsche,Ferdinand Porsche,Porsche 911
Opel-Modelle,Mobilität,Fahrkultur,Oldtimer-Schnäppchen,Autoklassiker,Oldtimer
Opel-Modelle,Mobilität,Fahrkultur,Oldtimer-Schnäppchen,Autoklassiker,Oldtimer
Opel-Modelle,Mobilität,Fahrkultur,Schönes Ding - die skurrilsten Auto-Designstudien,Autodesign
Opel-Modelle,Mobilität,Tests,Oldtimer-Schnäppchen,Opel
Opel-Modelle,Mobilität,Fahrkultur,Oldtimer-Schnäppchen,Oldtimer
Opel-Modelle,Mobilität,Fahrkultur,Oldtimer-Schnäppchen,Oldtimer,Autoklassiker,Opel
Volvo-Modelle,Mobilität,Fahrkultur,Schönes Ding - die skurrilsten Auto-Designstudien,Autodesign
Volvo-Modelle,Mobilität,Fahrkultur,Oldtimer-Schnäppchen,Oldtimer,Autoklassiker,Altmetall,Volvo
Volvo-Modelle,Mobilität,Fahrkultur,Oldtimer-Schnäppchen,Oldtimer,Autoklassiker,Volvo
Volvo-Modelle,Mobilität,Fahrkultur,Schönes Ding - die skurrilsten Auto-Designstudien,Autodesign
Volvo-Modelle,Mobilität,Fahrkultur,Volvo,Schönes Ding - die skurrilsten Auto-Designstudien
Subaru,Mobilität,Fahrkultur,Oldtimer-Schnäppchen,Oldtimer
Subaru,Mobilität,Fahrkultur,Oldtimer-Schnäppchen,Oldtimer
Subaru,Mobilität,Fahrkultur,Oldtimer-Schnäppchen,Oldtimer
Subaru,Mobilität,Fahrkultur,Oldtimer-Schnäppchen,Oldtimer
Subaru,Mobilität,Fahrkultur,Oldtimer-Schnäppchen,Oldtimer,Autoklassiker,Altmetall
Porsche,Mobilität,Fahrkultur,Oldtimer-Schnäppchen,Porsche-Modelle,Porsche,Ferdinand Piëch,Wolfgang Porsche,Ferdinand Porsche,Ferdinand Alexander 
Porsche,Mobilität,Fahrkultur,Schönes Ding - die skurrilsten Auto-Designstudien,Autodesign,Ferry Porsche,-Modelle
Porsche,Mobilität,Fahrkultur,Autos unterm Hammer,Porsche, 911
Porsche,Mobilität,Fahrkultur,Autos unterm Hammer,Belgien,Porsche,Porsche 911,-Modelle
Porsche,Mobilität,Fahrkultur,Autos unterm Hammer,Oldtimer,Autoklassiker,-Modelle,Ferdinand Piëch,Motorsport,Steve McQueen,24-Stunden-Rennen von Le Mans
Porsche,Mobilität,Fahrkultur,Benzinbücher,Porsche-Modelle
Porsche,Mobilität,Fahrkultur,Autos unterm Hammer,Porsche-Modelle,Porsche,Ferry Porsche,Ferdinand Porsche, 911
Alfa Romeo,Mobilität,Fahrkultur,Oldtimer-Schnäppchen,Oldtimer
Alfa Romeo,Mobilität,Fahrkultur,Schönes Ding - die skurrilsten Auto-Designstudien
Alfa Romeo,Mobilität,Fahrkultur,Oldtimer-Schnäppchen,Oldtimer
Alfa Romeo,Mobilität,Fahrkultur,Oldtimer-Schnäppchen,Oldtimer,Autoklassiker
Alfa Romeo,Mobilität,Fahrkultur,Autos unterm Hammer,Autodesign
Jaguar-Modelle,Mobilität,Fahrkultur,Oldtimer-Schnäppchen,Oldtimer
Jaguar-Modelle,Mobilität,Fahrkultur,Schönes Ding - die skurrilsten Auto-Designstudien,Autodesign,Jaguar
Jaguar-Modelle,Mobilität,Fahrkultur,Oldtimer-Schnäppchen,Oldtimer,Autoklassiker,Jaguar
Jaguar-Modelle,Mobilität,Fahrkultur,Oldtimer-Schnäppchen,Oldtimer
Ford-Modelle,Mobilität,Fahrkultur,Schönes Ding - die skurrilsten Auto-Designstudien,Autodesign
Ford-Modelle,Mobilität,Fahrkultur,Oldtimer-Schnäppchen
Ford-Modelle,Mobilität,Fahrkultur,Oldtimer-Schnäppchen,Oldtimer
Ford-Modelle,Mobilität,Fahrkultur,Oldtimer-Schnäppchen,Oldtimer
Ford,Mobilität,Fahrkultur,Mercedes-Benz-Modelle,BMW,Oldtimer,Oldtimer-Schnäppchen
Ford,Mobilität,Fahrkultur,Oldtimer-Schnäppchen,Mercedes-Benz-Modelle,BMW,Oldtimer
Ford,Mobilität,Fahrkultur,Schönes Ding - die skurrilsten Auto-Designstudien,Autodesign,-Modelle
Ford,Mobilität,Fahrkultur,Oldtimer-Schnäppchen,-Modelle
Ford,Mobilität,Fahrkultur,Oldtimer-Schnäppchen,-Modelle,Oldtimer
Ford,Mobilität,Fahrkultur,Oldtimer-Schnäppchen,Oldtimer,-Modelle
Ford,Mobilität,Fahrkultur
Ford,Mobilität,Fahrkultur,Autos unterm Hammer,Mietwagen
BMW,Mobilität,Fahrkultur,60 deutsche Autos,-Modelle
BMW,Mobilität,Fahrkultur,Schönes Ding - die skurrilsten Auto-Designstudien,Autodesign,-Modelle
BMW,Mobilität,Fahrkultur,Mercedes-Benz-Modelle,Ford,Oldtimer,Oldtimer-Schnäppchen
BMW,Mobilität,Fahrkultur,Schönes Ding - die skurrilsten Auto-Designstudien,Autodesign,Cabrio/Roadster,-Modelle
BMW,Mobilität,Fahrkultur,Oldtimer-Schnäppchen,Mercedes-Benz-Modelle,Ford,Oldtimer
BMW,Mobilität,Fahrkultur,MG Rover Group,-Modelle,Autodesign,Mini-Modelle
BMW,Mobilität,Fahrkultur,Schönes Ding - die skurrilsten Auto-Designstudien,-Modelle,Elektroautos,Autodesign
BMW,Mobilität,Fahrkultur,Oldtimer-Schnäppchen,Oldtimer,BMW 5er,BMW-Modelle
BMW,Mobilität,Fahrkultur,Schönes Ding - die skurrilsten Auto-Designstudien,-Modelle,Autodesign
BMW,Mobilität,Fahrkultur,Autodesign,-Modelle,Audi-Modelle
BMW,Mobilität,Fahrkultur,Oldtimer-Schnäppchen,Oldtimer,BMW 5er,BMW-Modelle
Audi-Modelle,Mobilität,Fahrkultur,Schönes Ding - die skurrilsten Auto-Designstudien,Autodesign,Oldtimer,Autoklassiker,Mercedes-Benz-Modelle
Audi-Modelle,Mobilität,Fahrkultur,Oldtimer-Schnäppchen,Oldtimer,Autoklassiker,James Bond,Audi
Audi-Modelle,Mobilität,Fahrkultur,Oldtimer-Schnäppchen,Oldtimer,Autoklassiker,James Bond,Audi
Audi-Modelle,Mobilität,Fahrkultur,Autodesign,BMW-Modelle
Altmetall,Mobilität,Fahrkultur,Oldtimer-Schnäppchen,Oldtimer,Mini-Modelle,Autoklassiker
Altmetall,Mobilität,Fahrkultur,Oldtimer-Schnäppchen,Oldtimer,Autoklassiker,Subaru
Altmetall,Mobilität,Fahrkultur,Oldtimer-Schnäppchen,Oldtimer,Autoklassiker,Volvo,Volvo-Modelle
Altmetall,Mobilität,Fahrkultur
Volvo,Mobilität,Fahrkultur,Schönes Ding - die skurrilsten Auto-Designstudien,Autodesign,-Modelle
Volvo,Mobilität,Fahrkultur,Oldtimer-Schnäppchen,Oldtimer,Autoklassiker,Altmetall,Volvo,-Modelle
Volvo,Mobilität,Fahrkultur,Oldtimer-Schnäppchen,Oldtimer,Autoklassiker,Volvo,-Modelle
Volvo,Mobilität,Fahrkultur,Schönes Ding - die skurrilsten Auto-Designstudien,Autodesign,-Modelle
Volvo,Mobilität,Fahrkultur,Volvo,-Modelle,Schönes Ding - die skurrilsten Auto-Designstudien
Toyota-Modelle,Mobilität,Fahrkultur,Oldtimer-Schnäppchen,Oldtimer,Toyota,Lexus-Modelle,Lexus
Toyota-Modelle,Mobilität,Fahrkultur,Schönes Ding - die skurrilsten Auto-Designstudien,Autodesign
Toyota-Modelle,Mobilität,Fahrkultur,Oldtimer-Schnäppchen,Oldtimer,Sportwagen
Tests,Mobilität,Oldtimer-Schnäppchen,Oldtimer,Mitsubishi,Chrysler
Tests,Mobilität,Oldtimer-Schnäppchen,Opel,Opel-Modelle
Tests,Mobilität,Oldtimer-Schnäppchen
Steve McQueen,Mobilität,Fahrkultur,Musik
Steve McQueen,Mobilität,Fahrkultur,Autos unterm Hammer,Oldtimer,Autoklassiker,Porsche-Modelle,Ferdinand Piëch,Motorsport,24-Stunden-Rennen von Le Mans
Steve McQueen,Mobilität,Fahrkultur,Autos unterm Hammer,Film,Hollywood
Saab-Modelle,Mobilität,Fahrkultur,Oldtimer-Schnäppchen,Oldtimer,Saab
Saab-Modelle,Mobilität,Fahrkultur,Oldtimer-Schnäppchen,Oldtimer,Autoklassiker,Saab
Saab-Modelle,Mobilität,Fahrkultur,Saab,Autos unterm Hammer,Oldtimer,Autoklassiker
Saab,Mobilität,Fahrkultur,Oldtimer-Schnäppchen,Oldtimer,Saab-Modelle
Saab,Mobilität,Fahrkultur,Oldtimer-Schnäppchen,Oldtimer,Autoklassiker,Saab,-Modelle
Saab,Mobilität,Fahrkultur,Saab,-Modelle,Autos unterm Hammer,Oldtimer,Autoklassiker
Renault-Modelle,Mobilität,Fahrkultur,Autodesign
Renault-Modelle,Mobilität,Fahrkultur,Oldtimer-Schnäppchen,Oldtimer,Renault
Renault-Modelle,Mobilität,Fahrkultur,Oldtimer-Schnäppchen,Oldtimer,Kleinwagen,Autoklassiker
Porsche 911,Mobilität,Fahrkultur,Autos unterm Hammer,Porsche
Porsche 911,Mobilität,Fahrkultur,Autos unterm Hammer,Belgien,Porsche,Porsche-Modelle
Porsche 911,Mobilität,Fahrkultur,Autos unterm Hammer,Porsche-Modelle,Porsche,Ferry Porsche,Ferdinand Porsche
Mitsubishi,Mobilität,Tests,Oldtimer-Schnäppchen,Oldtimer,Chrysler
Mitsubishi,Mobilität,Fahrkultur,Mitsubishi,-Modelle,Alternative Antriebe,Elektroautos
Mitsubishi,Mobilität,Fahrkultur,Oldtimer-Schnäppchen,Autoklassiker,Mitsubishi,-Modelle
Honda-Modelle,Mobilität,Fahrkultur,Oldtimer-Schnäppchen,Oldtimer,Autoklassiker
Honda-Modelle,Mobilität,Fahrkultur,Schönes Ding - die skurrilsten Auto-Designstudien,Autodesign
Honda-Modelle,Mobilität,Fahrkultur,Oldtimer-Schnäppchen,Oldtimer,Autoklassiker,Honda
Citroën-Modelle,Mobilität,Fahrkultur,Oldtimer-Schnäppchen
Citroën-Modelle,Mobilität,Fahrkultur,Schönes Ding - die skurrilsten Auto-Designstudien,Autodesign
Citroën-Modelle,Mobilität,Fahrkultur,Oldtimer-Schnäppchen,Oldtimer
Camping,Mobilität,Fahrkultur,Autos unterm Hammer,Autodesign
Camping,Mobilität,Fahrkultur,Urlaub und Freizeit
Camping,Mobilität,Fahrkultur,E-Scooter,Camping-Zubehör
Audi,Mobilität,Fahrkultur,Schönes Ding - die skurrilsten Auto-Designstudien,Autodesign,Oldtimer,Autoklassiker,-Modelle,Mercedes-Benz-Modelle
Audi,Mobilität,Fahrkultur,Oldtimer-Schnäppchen,Oldtimer
Audi,Mobilität,Fahrkultur,Oldtimer-Schnäppchen,Oldtimer,Autoklassiker,James Bond,Audi-Modelle
Audi,Mobilität,Fahrkultur,Oldtimer-Schnäppchen,Oldtimer,Autoklassiker,James Bond,Audi-Modelle
Audi,Mobilität,Fahrkultur,Autodesign,BMW-Modelle,-Modelle
Alternative Antriebe,Mobilität,Fahrkultur,Mitsubishi,Mitsubishi-Modelle,Elektroautos
Alternative Antriebe,Mobilität,Fahrkultur,Oldtimer,Elektroautos,VW Käfer,Umweltfreundliche Fahrzeuge
Alternative Antriebe,Mobilität,Fahrkultur,Oldtimer,Autoklassiker,Elektroautos,Chevrolet
VW Käfer,Mobilität,Fahrkultur,Oldtimer,Elektroautos,Alternative Antriebe,Umweltfreundliche Fahrzeuge
VW Käfer,Mobilität,Fahrkultur,Autoklassiker,VW-Modelle,Volkswagen
Urlaub und Freizeit,Mobilität,Fahrkultur,Camping
Urlaub und Freizeit,Mobilität,Fahrkultur,Autoreifen,Auto,Service für den Urlaub
Sportwagen,Mobilität,Fahrkultur,Schönes Ding - die skurrilsten Auto-Designstudien,Volkswagen,Autodesign,Abgasaffäre bei Volkswagen
Sportwagen,Mobilität,Fahrkultur,Oldtimer-Schnäppchen,Oldtimer,Toyota-Modelle
Smart,Mobilität,Fahrkultur,Schönes Ding - die skurrilsten Auto-Designstudien,Autodesign,Mercedes-Benz-Modelle,Mercedes A-Klasse
Smart,Mobilität,Fahrkultur,Schönes Ding - die skurrilsten Auto-Designstudien,Autodesign,Mercedes-Benz-Modelle,Mercedes A-Klasse
Opel,Mobilität,Fahrkultur,Oldtimer-Schnäppchen,-Modelle,Autoklassiker,Oldtimer
Opel,Mobilität,Fahrkultur,Oldtimer-Schnäppchen,-Modelle,Autoklassiker,Oldtimer
Opel,Mobilität,Fahrkultur,Schönes Ding - die skurrilsten Auto-Designstudien,Autodesign,-Modelle
Opel,Mobilität,Tests,Oldtimer-Schnäppchen,Opel,-Modelle
Opel,Mobilität,Fahrkultur,Oldtimer-Schnäppchen,-Modelle,Oldtimer
Opel,Mobilität,Fahrkultur,Oldtimer-Schnäppchen,Oldtimer,Autoklassiker,Opel,-Modelle
Nutzfahrzeuge,Mobilität,Fahrkultur,Schönes Ding - die skurrilsten Auto-Designstudien
Nutzfahrzeuge,Mobilität,Fahrkultur,Oldtimer
Motorsport,Mobilität,Fahrkultur,Autos unterm Hammer,Oldtimer,Autoklassiker,Porsche-Modelle,Ferdinand Piëch,Steve McQueen,24-Stunden-Rennen von Le Mans
Motorsport,Mobilität,Fahrkultur
Motorräder,Mobilität,Fahrkultur,Harley-Davidson,E-Bikes,Fahrräder
Motorräder,Mobilität,Fahrkultur,Motorräder,Yamaha,Honda,Harley-Davidson,Honda 
Mitsubishi-Modelle,Mobilität,Fahrkultur,Mitsubishi,Alternative Antriebe,Elektroautos
Mitsubishi-Modelle,Mobilität,Fahrkultur,Oldtimer-Schnäppchen,Autoklassiker,Mitsubishi
Mini-Modelle,Mobilität,Fahrkultur,MG Rover Group,BMW-Modelle,Autodesign
Mini-Modelle,Mobilität,Fahrkultur,Oldtimer-Schnäppchen,Oldtimer,Autoklassiker,Altmetall
Mercedes A-Klasse,Mobilität,Fahrkultur,Schönes Ding - die skurrilsten Auto-Designstudien,Autodesign,Mercedes-Benz-Modelle,Smart
Mercedes A-Klasse,Mobilität,Fahrkultur,Schönes Ding - die skurrilsten Auto-Designstudien,Autodesign,Mercedes-Benz-Modelle,Smart
Mazda-Modelle,Mobilität,Fahrkultur,Schönes Ding - die skurrilsten Auto-Designstudien,Autodesign
Mazda-Modelle,Mobilität,Fahrkultur
Mazda,Mobilität,Fahrkultur,Schönes Ding - die skurrilsten Auto-Designstudien,Autodesign,-Modelle
Mazda,Mobilität,Fahrkultur,Schönes Ding - die skurrilsten Auto-Designstudien,Fahrzeugtechnik
Mazda,Mobilität,Fahrkultur,-Modelle
Mazda,Mobilität,Fahrkultur,Autoklassiker,Japan
James Bond,Mobilität,Fahrkultur,Oldtimer-Schnäppchen,Oldtimer,Autoklassiker,Audi-Modelle,Audi
James Bond,Mobilität,Fahrkultur,Oldtimer-Schnäppchen,Oldtimer,Autoklassiker,Audi-Modelle,Audi
Jaguar,Mobilität,Fahrkultur,Oldtimer-Schnäppchen,Oldtimer,-Modelle
Jaguar,Mobilität,Fahrkultur,Schönes Ding - die skurrilsten Auto-Designstudien,Autodesign,Jaguar,-Modelle
Jaguar,Mobilität,Fahrkultur,Oldtimer-Schnäppchen,Oldtimer,Autoklassiker,Jaguar,-Modelle
Jaguar,Mobilität,Fahrkultur,Oldtimer-Schnäppchen,Oldtimer,-Modelle
Honda,Mobilität,Fahrkultur,Oldtimer-Schnäppchen,Oldtimer,Autoklassiker,-Modelle
Honda,Mobilität,Fahrkultur,Schönes Ding - die skurrilsten Auto-Designstudien,Autodesign,-Modelle
Honda,Mobilität,Fahrkultur,Oldtimer-Schnäppchen,Oldtimer,Autoklassiker,Honda,-Modelle
Honda,Mobilität,Fahrkultur,Motorräder,Yamaha,Honda,Harley-Davidson, Motorräder
Harley-Davidson,Mobilität,Fahrkultur,E-Bikes,Fahrräder,Motorräder
Harley-Davidson,Mobilität,Fahrkultur,Motorräder,Yamaha,Honda,Honda Motorräder
Ferry Porsche,Mobilität,Fahrkultur,Schönes Ding - die skurrilsten Auto-Designstudien,Autodesign,Porsche-Modelle
Ferry Porsche,Mobilität,Fahrkultur,Autos unterm Hammer,Porsche-Modelle,Porsche,Ferdinand Porsche,Porsche 911
Ferrari-Modelle,Mobilität,Fahrkultur,Schönes Ding - die skurrilsten Auto-Designstudien,Autodesign
Ferrari-Modelle,Mobilität,Fahrkultur,Ferrari,Fiat Chrysler Automobiles (FCA),Ferrari F1,Formel 1,Giovanni &#34;Gianni&#34; Agnelli,Niki Lauda,Italien,Michael Schumacher
Ferdinand Porsche,Mobilität,Fahrkultur,Oldtimer-Schnäppchen,Porsche-Modelle,Porsche,Ferdinand Piëch,Wolfgang Porsche,Ferdinand Alexander Porsche
Ferdinand Porsche,Mobilität,Fahrkultur,Autos unterm Hammer,Porsche-Modelle,Porsche,Ferry Porsche,Porsche 911
Ferdinand Piëch,Mobilität,Fahrkultur,Oldtimer-Schnäppchen,Porsche-Modelle,Porsche,Wolfgang Porsche,Ferdinand Porsche,Ferdinand Alexander Porsche
Ferdinand Piëch,Mobilität,Fahrkultur,Autos unterm Hammer,Oldtimer,Autoklassiker,Porsche-Modelle,Motorsport,Steve McQueen,24-Stunden-Rennen von Le Mans
Chrysler-Modelle,Mobilität,Fahrkultur,Schönes Ding - die skurrilsten Auto-Designstudien,Autodesign
Chrysler-Modelle,Mobilität,Fahrkultur,Schönes Ding - die skurrilsten Auto-Designstudien,Autodesign
BMW 5er,Mobilität,Fahrkultur,Oldtimer-Schnäppchen,Oldtimer,BMW-Modelle,BMW
BMW 5er,Mobilität,Fahrkultur,Oldtimer-Schnäppchen,Oldtimer,BMW-Modelle,BMW
Autoreifen,Mobilität,Fahrkultur,Michelin,Maybach,Schönes Ding - die skurrilsten Auto-Designstudien
Autoreifen,Mobilität,Fahrkultur,Auto,Service für den Urlaub,Urlaub und Freizeit
60 deutsche Autos,Mobilität,Fahrkultur,BMW-Modelle
60 deutsche Autos,Mobilität,Fahrkultur
34,Mobilität,Fahrkultur,Ferrari,Fiat Chrysler Automobiles (FCA),Ferrari F1,Ferrari-Modelle,Formel 1,Giovanni &#34;Gianni&#; Agnelli,Niki Lauda,Italien,Michael Schumacher
24-Stunden-Rennen von Le Mans,Mobilität,Fahrkultur,Schönes Ding - die skurrilsten Auto-Designstudien,Autodesign
24-Stunden-Rennen von Le Mans,Mobilität,Fahrkultur,Autos unterm Hammer,Oldtimer,Autoklassiker,Porsche-Modelle,Ferdinand Piëch,Motorsport,Steve McQueen
Yamaha,Mobilität,Fahrkultur,Motorräder,Honda,Harley-Davidson,Honda Motorräder
Wolfgang Porsche,Mobilität,Fahrkultur,Oldtimer-Schnäppchen,Porsche-Modelle,Porsche,Ferdinand Piëch,Ferdinand Porsche,Ferdinand Alexander Porsche
VW Golf,Mobilität,Fahrkultur,Oldtimer-Schnäppchen,Oldtimer
VW Bus,Mobilität,Fahrkultur,Oldtimer-Schnäppchen
Umweltfreundliche Fahrzeuge,Mobilität,Fahrkultur,Oldtimer,Elektroautos,Alternative Antriebe,VW Käfer
Toyota,Mobilität,Fahrkultur,Oldtimer-Schnäppchen,Oldtimer,Toyota-Modelle,Lexus-Modelle,Lexus
Toyota,Mobilität,Fahrkultur,Schönes Ding - die skurrilsten Auto-Designstudien,-Modelle,Autodesign
Toyota,Mobilität,Fahrkultur,Oldtimer-Schnäppchen,Oldtimer,-Modelle,Sportwagen
Tokio Motor Show,Mobilität,Fahrkultur,Schönes Ding - die skurrilsten Auto-Designstudien,Autodesign
Suzuki-Modelle,Mobilität,Fahrkultur,Schönes Ding - die skurrilsten Auto-Designstudien,Autodesign
Service für den Urlaub,Mobilität,Fahrkultur,Autoreifen,Auto,Urlaub und Freizeit
Renault,Mobilität,Fahrkultur,Autodesign,-Modelle
Renault,Mobilität,Fahrkultur,Oldtimer-Schnäppchen,Oldtimer,Renault-Modelle
Renault,Mobilität,Fahrkultur,Oldtimer-Schnäppchen,-Modelle,Oldtimer,Kleinwagen,Autoklassiker
Prototypen im Test,Mobilität,Fahrkultur
Peugeot-Modelle,Mobilität,Fahrkultur,Schönes Ding - die skurrilsten Auto-Designstudien,Autodesign
Niki Lauda,Mobilität,Fahrkultur,Ferrari,Fiat Chrysler Automobiles (FCA),Ferrari F1,Ferrari-Modelle,Formel 1,Giovanni &#34;Gianni&#34; Agnelli,Italien,Michael Schumacher
Nicolae Ceausescu,Mobilität,Fahrkultur,Autos unterm Hammer
Musik,Mobilität,Fahrkultur,Steve McQueen
Mietwagen,Mobilität,Fahrkultur,Autos unterm Hammer,Ford
Michelin,Mobilität,Fahrkultur,Autoreifen,Maybach,Schönes Ding - die skurrilsten Auto-Designstudien
Michael Schumacher,Mobilität,Fahrkultur,Ferrari,Fiat Chrysler Automobiles (FCA),Ferrari F1,Ferrari-Modelle,Formel 1,Giovanni &#34;Gianni&#34; Agnelli,Niki Lauda,Italien
Mercedes S-Klasse,Mobilität,Fahrkultur,Mercedes-Benz-Modelle
Mercedes C-Klasse,Mobilität,Fahrkultur,Oldtimer-Schnäppchen,Oldtimer,Autoklassiker,Mercedes-Benz-Modelle
Maybach,Mobilität,Fahrkultur,Autoreifen,Michelin,Schönes Ding - die skurrilsten Auto-Designstudien
Maserati,Mobilität,Fahrkultur,Schönes Ding - die skurrilsten Auto-Designstudien,Autodesign
MG Rover Group,Mobilität,Fahrkultur,BMW-Modelle,Autodesign,Mini-Modelle
Lotus Cars,Mobilität,Fahrkultur,Volkswagen,Volkswagen,VW-Modelle
Lexus-Modelle,Mobilität,Fahrkultur,Oldtimer-Schnäppchen,Oldtimer,Toyota-Modelle,Toyota,Lexus
Lexus,Mobilität,Fahrkultur,Oldtimer-Schnäppchen,Oldtimer,Toyota-Modelle,Toyota,Lexus-Modelle
Lancia,Mobilität,Fahrkultur,Oldtimer-Schnäppchen,Autoklassiker,Oldtimer
Kleinwagen,Mobilität,Fahrkultur,Oldtimer-Schnäppchen,Renault-Modelle,Oldtimer,Autoklassiker
Kleinstwagen,Mobilität,Fahrkultur,Schönes Ding - die skurrilsten Auto-Designstudien,Autodesign
Japan,Mobilität,Fahrkultur,Autoklassiker,Mazda
Italien,Mobilität,Fahrkultur,Ferrari,Fiat Chrysler Automobiles (FCA),Ferrari F1,Ferrari-Modelle,Formel 1,Giovanni &#34;Gianni&#34; Agnelli,Niki Lauda,Michael Schumacher
IAA 2017,Mobilität,Fahrkultur,Autodesign,Elektroautos
Honda Motorräder,Mobilität,Fahrkultur,Motorräder,Yamaha,Honda,Harley-Davidson
Hollywood,Mobilität,Fahrkultur,Autos unterm Hammer,Steve McQueen,Film
Giovanni ,Mobilität,Fahrkultur,Ferrari,Fiat Chrysler Automobiles (FCA),Ferrari F1,Ferrari-Modelle,Formel 1,&#34;Gianni&#34; Agnelli,Niki Lauda,Italien,Michael Schumacher
Gianni,Mobilität,Fahrkultur,Ferrari,Fiat Chrysler Automobiles (FCA),Ferrari F1,Ferrari-Modelle,Formel 1,Giovanni &#34;&#34; Agnelli,Niki Lauda,Italien,Michael Schumacher
General Motors,Mobilität,Fahrkultur,Autodesign,Autoklassiker
Geländewagen,Mobilität,Fahrkultur,Autoklassiker
Formel 1,Mobilität,Fahrkultur,Ferrari,Fiat Chrysler Automobiles (FCA),Ferrari F1,Ferrari-Modelle,Giovanni &#34;Gianni&#34; Agnelli,Niki Lauda,Italien,Michael Schumacher
Film,Mobilität,Fahrkultur,Autos unterm Hammer,Steve McQueen,Hollywood
Fiat Chrysler Automobiles (FCA),Mobilität,Fahrkultur,Ferrari,Ferrari F1,Ferrari-Modelle,Formel 1,Giovanni &#34;Gianni&#34; Agnelli,Niki Lauda,Italien,Michael Schumacher
Ferrari F1,Mobilität,Fahrkultur,Ferrari,Fiat Chrysler Automobiles (FCA),Ferrari-Modelle,Formel 1,Giovanni &#34;Gianni&#34; Agnelli,Niki Lauda,Italien,Michael Schumacher
Ferrari,Mobilität,Fahrkultur,Schönes Ding - die skurrilsten Auto-Designstudien,-Modelle,Autodesign
Ferrari,Mobilität,Fahrkultur,Ferrari,Fiat Chrysler Automobiles (FCA),Ferrari F1,-Modelle,Formel 1,Giovanni &#34;Gianni&#34; Agnelli,Niki Lauda,Italien,Michael Schumacher
Ferdinand Alexander Porsche,Mobilität,Fahrkultur,Oldtimer-Schnäppchen,Porsche-Modelle,Porsche,Ferdinand Piëch,Wolfgang Porsche,Ferdinand Porsche
Fahrzeugtechnik,Mobilität,Fahrkultur,Schönes Ding - die skurrilsten Auto-Designstudien,Mazda
Fahrräder,Mobilität,Fahrkultur,Harley-Davidson,E-Bikes,Motorräder
E-Scooter,Mobilität,Fahrkultur,Camping-Zubehör,Camping
E-Bikes,Mobilität,Fahrkultur,Harley-Davidson,Fahrräder,Motorräder
Dänemark,Mobilität,Fahrkultur,Schönes Ding - die skurrilsten Auto-Designstudien,Autodesign
Dodge-Modelle,Mobilität,Fahrkultur,Autodesign
Chrysler,Mobilität,Fahrkultur,Schönes Ding - die skurrilsten Auto-Designstudien,Autodesign,-Modelle
Chrysler,Mobilität,Tests,Oldtimer-Schnäppchen,Oldtimer,Mitsubishi
Chrysler,Mobilität,Fahrkultur,Schönes Ding - die skurrilsten Auto-Designstudien,Autodesign,-Modelle
Chrysler,Mobilität,Fahrkultur,Ferrari,Fiat  Automobiles (FCA),Ferrari F1,Ferrari-Modelle,Formel 1,Giovanni &#34;Gianni&#34; Agnelli,Niki Lauda,Italien,Michael Schumacher
Chevrolet,Mobilität,Fahrkultur,Oldtimer,Autoklassiker,Elektroautos,Alternative Antriebe
Camping-Zubehör,Mobilität,Fahrkultur,E-Scooter,Camping
Borgward,Mobilität,Fahrkultur,Schönes Ding - die skurrilsten Auto-Designstudien,Autodesign
Benzinbücher,Mobilität,Fahrkultur,Porsche-Modelle,Porsche
Belgien,Mobilität,Fahrkultur,Autos unterm Hammer,Porsche,Porsche 911,Porsche-Modelle
Auto,Mobilität,Fahrkultur,60 deutsche s,BMW-Modelle
Auto,Mobilität,Fahrkultur,60 deutsche s
Auto,Mobilität,Fahrkultur,Oldtimer-Schnäppchen,Opel-Modelle,klassiker,Oldtimer
Auto,Mobilität,Fahrkultur,Oldtimer-Schnäppchen,Opel-Modelle,klassiker,Oldtimer
Auto,Mobilität,Fahrkultur,Oldtimer-Schnäppchen,klassiker,Oldtimer
Auto,Mobilität,Fahrkultur,Oldtimer-Schnäppchen,klassiker,Oldtimer
Auto,Mobilität,Fahrkultur,Oldtimer-Schnäppchen,klassiker,Oldtimer,Lancia
Auto,Mobilität,Fahrkultur,Schönes Ding - die skurrilsten Auto-Designstudien,design,Ferry Porsche,Porsche-Modelle
Auto,Mobilität,Fahrkultur,Schönes Ding - die skurrilsten Auto-Designstudien,design,BMW-Modelle
Auto,Mobilität,Fahrkultur,Schönes Ding - die skurrilsten Auto-Designstudien,design,Cabrio/Roadster,BMW-Modelle
Auto,Mobilität,Fahrkultur,Schönes Ding - die skurrilsten Auto-Designstudien,Peugeot-Modelle,design
Auto,Mobilität,Fahrkultur,Schönes Ding - die skurrilsten Auto-Designstudien,design,Mercedes-Benz-Modelle,Mercedes A-Klasse,Smart
Auto,Mobilität,Fahrkultur,Schönes Ding - die skurrilsten Auto-Designstudien,design,Chrysler-Modelle
Auto,Mobilität,Fahrkultur,MG Rover Group,BMW-Modelle,design,Mini-Modelle
Auto,Mobilität,Fahrkultur,Schönes Ding - die skurrilsten Auto-Designstudien,Volkswagen,design,Sportwagen,Abgasaffäre bei Volkswagen
Auto,Mobilität,Fahrkultur,Oldtimer-Schnäppchen,Oldtimer,klassiker,Honda-Modelle
Auto,Mobilität,Fahrkultur,Schönes Ding - die skurrilsten -Designstudien,Nutzfahrzeuge
Auto,Mobilität,Fahrkultur,Autodesign,General Motors,klassiker
Auto,Mobilität,Fahrkultur,design,Dodge-Modelle
Auto,Mobilität,Fahrkultur,Schönes Ding - die skurrilsten Auto-Designstudien,design,Borgward
Auto,Mobilität,Fahrkultur,design,Renault-Modelle
Auto,Mobilität,Fahrkultur,Schönes Ding - die skurrilsten Auto-Designstudien,design
Auto,Mobilität,Fahrkultur,Schönes Ding - die skurrilsten Auto-Designstudien,design,Dänemark
Auto,Mobilität,Fahrkultur,Schönes Ding - die skurrilsten Auto-Designstudien,design,Chrysler-Modelle
Auto,Mobilität,Fahrkultur,Schönes Ding - die skurrilsten Auto-Designstudien,design,Ford-Modelle
Auto,Mobilität,Fahrkultur,Schönes Ding - die skurrilsten Auto-Designstudien,design,Volvo-Modelle
Auto,Mobilität,Fahrkultur,Schönes Ding - die skurrilsten Auto-Designstudien,Autodesign,Oldtimer,klassiker,Audi-Modelle,Mercedes-Benz-Modelle
Auto,Mobilität,Fahrkultur,Schönes Ding - die skurrilsten Auto-Designstudien,design,Mercedes-Benz-Modelle
Auto,Mobilität,Fahrkultur,Oldtimer-Schnäppchen,klassiker,Oldtimer,VW-Modelle,Volkswagen
Auto,Mobilität,Fahrkultur,Schönes Ding - die skurrilsten Auto-Designstudien,design,Kleinstwagen
Auto,Mobilität,Fahrkultur,Oldtimer-Schnäppchen,klassiker,Oldtimer
Auto,Mobilität,Fahrkultur,design
Auto,Mobilität,Fahrkultur,Oldtimer-Schnäppchen,Oldtimer,klassiker
Auto,Mobilität,Fahrkultur,Oldtimer-Schnäppchen,Oldtimer,klassiker,James Bond,Audi-Modelle,Audi
Auto,Mobilität,Fahrkultur,Schönes Ding - die skurrilsten Auto-Designstudien,design,Opel-Modelle
Auto,Mobilität,Fahrkultur,Schönes Ding - die skurrilsten Auto-Designstudien,VW-Modelle,design
Auto,Mobilität,Fahrkultur,Schönes Ding - die skurrilsten Auto-Designstudien,Ferrari-Modelle,design
Auto,Mobilität,Fahrkultur,Oldtimer-Schnäppchen,Oldtimer,klassiker,Mercedes C-Klasse,Mercedes-Benz-Modelle
Auto,Mobilität,Fahrkultur,Schönes Ding - die skurrilsten Auto-Designstudien,design,Jaguar,Jaguar-Modelle
Auto,Mobilität,Fahrkultur,Schönes Ding - die skurrilsten Auto-Designstudien,design
Auto,Mobilität,Fahrkultur,Schönes Ding - die skurrilsten Auto-Designstudien,design,Tokio Motor Show
Auto,Mobilität,Fahrkultur,Schönes Ding - die skurrilsten Auto-Designstudien,design
Auto,Mobilität,Fahrkultur,Schönes Ding - die skurrilsten Auto-Designstudien,design,24-Stunden-Rennen von Le Mans
Auto,Mobilität,Fahrkultur,Schönes Ding - die skurrilsten -Designstudien,Alfa Romeo
Auto,Mobilität,Fahrkultur,Schönes Ding - die skurrilsten Auto-Designstudien,design,Mazda-Modelle
Auto,Mobilität,Fahrkultur,Schönes Ding - die skurrilsten Auto-Designstudien,design,Honda-Modelle
Auto,Mobilität,Fahrkultur,Schönes Ding - die skurrilsten Auto-Designstudien,design
Auto,Mobilität,Fahrkultur,Schönes Ding - die skurrilsten Auto-Designstudien,design,Maserati
Auto,Mobilität,Fahrkultur,Schönes Ding - die skurrilsten Auto-Designstudien,Citroën-Modelle,design
Auto,Mobilität,Fahrkultur,Schönes Ding - die skurrilsten Auto-Designstudien,BMW-Modelle,Elektroautos,design
Auto,Mobilität,Fahrkultur,Schönes Ding - die skurrilsten Auto-Designstudien,Suzuki-Modelle,design
Auto,Mobilität,Fahrkultur,Schönes Ding - die skurrilsten Auto-Designstudien,design
Auto,Mobilität,Fahrkultur,Autodesign,Schönes Ding - die skurrilsten -Designstudien
Auto,Mobilität,Fahrkultur,Autodesign,Schönes Ding - die skurrilsten -Designstudien
Auto,Mobilität,Fahrkultur,Oldtimer-Schnäppchen,Oldtimer,klassiker,Alfa Romeo
Auto,Mobilität,Fahrkultur,Autos unterm Hammer,design,Alfa Romeo
Auto,Mobilität,Fahrkultur,Oldtimer-Schnäppchen,Oldtimer,klassiker,James Bond,Audi-Modelle,Audi
Auto,Mobilität,Fahrkultur,Autos unterm Hammer,design,Camping
Auto,Mobilität,Fahrkultur,Schönes Ding - die skurrilsten Auto-Designstudien,BMW-Modelle,design
Auto,Mobilität,Fahrkultur,Schönes Ding - die skurrilsten Auto-Designstudien,design
Auto,Mobilität,Fahrkultur,design,BMW-Modelle,Audi-Modelle
Auto,Mobilität,Fahrkultur,Autos unterm Hammer,klassiker
Auto,Mobilität,Fahrkultur,Autoreifen,Michelin,Maybach,Schönes Ding - die skurrilsten -Designstudien
Auto,Mobilität,Fahrkultur,design
Auto,Mobilität,Fahrkultur,klassiker,Geländewagen
Auto,Mobilität,Fahrkultur,IAA 2017,design,Elektroautos
Auto,Mobilität,Fahrkultur,Oldtimer-Schnäppchen,Renault-Modelle,Oldtimer,Kleinwagen,klassiker
Auto,Mobilität,Fahrkultur,Oldtimer-Schnäppchen,Oldtimer,klassiker,Honda,Honda-Modelle
Auto,Mobilität,Fahrkultur,Schönes Ding - die skurrilsten -Designstudien,Elektroautos
Auto,Mobilität,Fahrkultur,Ferrari,Fiat Chrysler mobiles (FCA),Ferrari F1,Ferrari-Modelle,Formel 1,Giovanni &#34;Gianni&#34; Agnelli,Niki Lauda,Italien,Michael Schumacher
Auto,Mobilität,Fahrkultur,Oldtimer-Schnäppchen,Oldtimer,klassiker,Jaguar,Jaguar-Modelle
Auto,Mobilität,Fahrkultur,Schönes Ding - die skurrilsten -Designstudien,Mazda,Fahrzeugtechnik
Auto,Mobilität,Fahrkultur,Schönes Ding - die skurrilsten Auto-Designstudien,design,Mercedes-Benz-Modelle,Mercedes A-Klasse,Smart
Auto,Mobilität,Fahrkultur,Oldtimer-Schnäppchen,Oldtimer,Mini-Modelle,klassiker,Altmetall
Auto,Mobilität,Fahrkultur,Oldtimer-Schnäppchen,klassiker,Mitsubishi,Mitsubishi-Modelle
Auto,Mobilität,Fahrkultur,Oldtimer-Schnäppchen,Oldtimer,klassiker,Opel,Opel-Modelle
Auto,Mobilität,Fahrkultur,s unterm Hammer,Porsche,Porsche 911
Auto,Mobilität,Fahrkultur,s unterm Hammer,Belgien,Porsche,Porsche 911,Porsche-Modelle
Auto,Mobilität,Fahrkultur,Autos unterm Hammer,Oldtimer,klassiker,Porsche-Modelle,Ferdinand Piëch,Motorsport,Steve McQueen,24-Stunden-Rennen von Le Mans
Auto,Mobilität,Fahrkultur,s unterm Hammer,Porsche-Modelle,Porsche,Ferry Porsche,Ferdinand Porsche,Porsche 911
Auto,Mobilität,Fahrkultur,s unterm Hammer,Nicolae Ceausescu
Auto,Mobilität,Fahrkultur,Oldtimer-Schnäppchen,Oldtimer,klassiker,Saab,Saab-Modelle
Auto,Mobilität,Fahrkultur,Saab,Saab-Modelle,Autos unterm Hammer,Oldtimer,klassiker
Auto,Mobilität,Fahrkultur,s unterm Hammer,Ford,Mietwagen
Auto,Mobilität,Fahrkultur,Oldtimer,klassiker,Elektroautos,Alternative Antriebe,Chevrolet
Auto,Mobilität,Fahrkultur,s unterm Hammer,Steve McQueen,Film,Hollywood
Auto,Mobilität,Fahrkultur,Oldtimer-Schnäppchen,Oldtimer,klassiker,Altmetall,Subaru
Auto,Mobilität,Fahrkultur,Schönes Ding - die skurrilsten Auto-Designstudien,Toyota-Modelle,design
Auto,Mobilität,Fahrkultur,klassiker,Mazda,Japan
Auto,Mobilität,Fahrkultur,Oldtimer-Schnäppchen,Oldtimer,klassiker,Altmetall,Volvo,Volvo-Modelle
Auto,Mobilität,Fahrkultur,Oldtimer-Schnäppchen,Oldtimer,klassiker,Volvo,Volvo-Modelle
Auto,Mobilität,Fahrkultur,Schönes Ding - die skurrilsten Auto-Designstudien,design,Volvo-Modelle
Auto,Mobilität,Fahrkultur,Volvo,Volvo-Modelle,Schönes Ding - die skurrilsten -Designstudien
Auto,Mobilität,Fahrkultur,Schönes Ding - die skurrilsten Auto-Designstudien,VW-Modelle,design
Auto,Mobilität,Fahrkultur,klassiker,VW Käfer,VW-Modelle,Volkswagen
Auto,Mobilität,Fahrkultur,Schönes Ding - die skurrilsten Auto-Designstudien,design
Auto,Mobilität,Fahrkultur,Autoreifen,Service für den Urlaub,Urlaub und Freizeit
Agnelli,Mobilität,Fahrkultur,Ferrari,Fiat Chrysler Automobiles (FCA),Ferrari F1,Ferrari-Modelle,Formel 1,Giovanni &#34;Gianni&#34; ,Niki Lauda,Italien,Michael Schumacher
Abgasaffäre bei Volkswagen,Mobilität,Fahrkultur,Schönes Ding - die skurrilsten Auto-Designstudien,Volkswagen,Autodesign,Sportwagen
